{
  "weight_l2_delta": 0.45550718903541565,
  "bias_l2_delta": 0.004364036489278078
}
