{
  "val_mse": 0.00017854908171673325,
  "val_mae": 0.010340261388886829,
  "val_max_abs_error": 0.10569822788238525,
  "val_l2_error": 2.4188212645199343,
  "prediction_mean": -0.021208269521594048,
  "prediction_std": 0.09328367561101913,
  "target_mean": -0.019127393141388893,
  "target_std": 0.09206287562847137
}
