{
  "val_mse": 0.000539148025357197,
  "val_mae": 0.018174177146080384,
  "val_max_abs_error": 0.1209026575088501,
  "val_l2_error": 4.203189562095007,
  "prediction_mean": -0.00877346284687519,
  "prediction_std": 0.09278573840856552,
  "target_mean": -0.019127393141388893,
  "target_std": 0.09206287562847137
}
