{
  "weight_l2_delta": 0.4316241145133972,
  "bias_l2_delta": 0.003919348586350679
}
