{
  "val_mse": 0.0002033345723541833,
  "val_mae": 0.011063976708411971,
  "val_max_abs_error": 0.10807399451732635,
  "val_l2_error": 2.581253042013073,
  "prediction_mean": -0.018992939963936806,
  "prediction_std": 0.09669800102710724,
  "target_mean": -0.021080024540424347,
  "target_std": 0.09559084475040436
}
