{
  "weight_l2_delta": 0.3756554424762726,
  "bias_l2_delta": 0.003003290854394436
}
