{
  "status": "PASS",
  "generated_at_utc": "2026-06-09T12:46:05.000593+00:00",
  "pytorch_train_initial_loss": 0.0042844428680837154,
  "pytorch_train_final_loss": 0.00018576842558104545,
  "pytorch_train_loss_drop_ratio": 0.9566411710225154,
  "pytorch_val_initial_loss": 0.004575761966407299,
  "pytorch_val_final_loss": 0.000213541992707178,
  "pytorch_val_loss_drop_ratio": 0.9533319271686586,
  "jittor_train_initial_loss": 0.004284441936761141,
  "jittor_train_final_loss": 0.0001858498144429177,
  "jittor_train_loss_drop_ratio": 0.9566221652233634,
  "jittor_val_initial_loss": 0.004575750790536404,
  "jittor_val_final_loss": 0.00021356352954171598,
  "jittor_val_loss_drop_ratio": 0.9533271064535662,
  "final_loss_relative_gap": 0.0004379281309277484,
  "final_train_loss_relative_gap": 0.0004379281309277484,
  "final_val_loss_relative_gap": 0.00010084509552824229,
  "train_loss_correlation": 0.9999997760943546,
  "val_loss_correlation": 0.9999999434279977,
  "trend_alignment_status": "PASS",
  "no_nan_inf": true,
  "pytorch_step_time_mean": 0.0012594985961914063,
  "jittor_step_time_mean": 0.001053100824356079,
  "pytorch_samples_per_sec_mean": 2066.5958989961896,
  "jittor_samples_per_sec_mean": 2204.757634026108,
  "selected_gpu": "none",
  "cpu_fallback": true,
  "full_tadsr_training": false,
  "full_inference_executed": false,
  "image_saved": false,
  "video_saved": false
}
