{
  "val_mse": 0.0005411585533077034,
  "val_mae": 0.018163259943367205,
  "val_max_abs_error": 0.12098896503448486,
  "val_l2_error": 4.211019291666401,
  "prediction_mean": -0.008718207478523254,
  "prediction_std": 0.09273824840784073,
  "target_mean": -0.019127393141388893,
  "target_std": 0.09206287562847137
}
