{
  "weight_l2_delta": 0.4311280846595764,
  "bias_l2_delta": 0.00391807546839118
}
