{
  "weight_l2_delta": 0.455333948135376,
  "bias_l2_delta": 0.004372281488031149
}
