{
  "val_mse": 0.000181269394659407,
  "val_mae": 0.010411676318117014,
  "val_max_abs_error": 0.10578286647796631,
  "val_l2_error": 2.437177778537985,
  "prediction_mean": -0.021294618025422096,
  "prediction_std": 0.09331943839788437,
  "target_mean": -0.019127393141388893,
  "target_std": 0.09206287562847137
}
