{
  "status": "PASS",
  "generated_at_utc": "2026-06-09T12:46:10.438355+00:00",
  "pytorch_train_initial_loss": 0.008344427682459354,
  "pytorch_train_final_loss": 0.00011204227484995499,
  "pytorch_train_loss_drop_ratio": 0.9865728029394423,
  "pytorch_val_initial_loss": 0.007696317508816719,
  "pytorch_val_final_loss": 0.0002033345663221553,
  "pytorch_val_loss_drop_ratio": 0.9735802783488051,
  "jittor_train_initial_loss": 0.008344420231878757,
  "jittor_train_final_loss": 0.00011203467147424817,
  "jittor_train_loss_drop_ratio": 0.9865737021433515,
  "jittor_val_initial_loss": 0.007696325425058603,
  "jittor_val_final_loss": 0.0002033552882494405,
  "jittor_val_loss_drop_ratio": 0.9735776130791803,
  "final_loss_relative_gap": 6.78616684372393e-05,
  "final_train_loss_relative_gap": 6.78616684372393e-05,
  "final_val_loss_relative_gap": 0.0001019001151313871,
  "train_loss_correlation": 0.9999999546717318,
  "val_loss_correlation": 0.999999957057644,
  "trend_alignment_status": "PASS",
  "no_nan_inf": true,
  "pytorch_step_time_mean": 0.0012405991554260253,
  "jittor_step_time_mean": 0.001054004430770874,
  "pytorch_samples_per_sec_mean": 2100.103128014824,
  "jittor_samples_per_sec_mean": 2219.0298317032198,
  "selected_gpu": "none",
  "cpu_fallback": true,
  "full_tadsr_training": false,
  "full_inference_executed": false,
  "image_saved": false,
  "video_saved": false
}
