{
  "weight_l2_delta": 0.37533843517303467,
  "bias_l2_delta": 0.003003676887601614
}
