{
  "val_mse": 0.00020335628262640426,
  "val_mae": 0.011064517676294572,
  "val_max_abs_error": 0.10805347934365273,
  "val_l2_error": 2.581390840051519,
  "prediction_mean": -0.01898789405822754,
  "prediction_std": 0.09670285880565643,
  "target_mean": -0.021080024540424347,
  "target_std": 0.09559084475040436
}
