metric,value
prediction_relative_l2_diff,0.002575377281918869
prediction_mae,0.00012582170634395373
prediction_max_abs_diff,0.0007622092962265015
prediction_cosine_similarity,0.9999968413988342
final_train_loss_relative_gap,0.004105021067437452
final_val_loss_relative_gap,0.015007609932191768
train_loss_correlation,0.9999541744284655
val_loss_correlation,0.9999733258616282
