{
  "status": "PASS",
  "generated_at_utc": "2026-06-09T12:45:52.313714+00:00",
  "pytorch_train_initial_loss": 0.005236602388322353,
  "pytorch_train_final_loss": 0.00014055753126740456,
  "pytorch_train_loss_drop_ratio": 0.973158639735404,
  "pytorch_val_initial_loss": 0.004814614076167345,
  "pytorch_val_final_loss": 0.00017854910402093083,
  "pytorch_val_loss_drop_ratio": 0.9629151784138296,
  "jittor_train_initial_loss": 0.005236602853983641,
  "jittor_train_final_loss": 0.00014113690122030675,
  "jittor_train_loss_drop_ratio": 0.9730480036092598,
  "jittor_val_initial_loss": 0.0048145875334739685,
  "jittor_val_final_loss": 0.0001812695263652131,
  "jittor_val_loss_drop_ratio": 0.9623499364992503,
  "final_loss_relative_gap": 0.004105021067437452,
  "final_train_loss_relative_gap": 0.004105021067437452,
  "final_val_loss_relative_gap": 0.015007609932191768,
  "train_loss_correlation": 0.9999541744284655,
  "val_loss_correlation": 0.9999733258616282,
  "trend_alignment_status": "PASS",
  "no_nan_inf": true,
  "pytorch_step_time_mean": 0.0011538982391357422,
  "jittor_step_time_mean": 0.001030733585357666,
  "pytorch_samples_per_sec_mean": 2141.824768246735,
  "jittor_samples_per_sec_mean": 2359.2229843855225,
  "selected_gpu": "none",
  "cpu_fallback": true,
  "full_tadsr_training": false,
  "full_inference_executed": false,
  "image_saved": false,
  "video_saved": false
}
