{
  "status": "PASS",
  "target": "synthetic hidden -> decoder.mid_block",
  "note": "isolated deterministic synthetic hidden; decoder temb is None",
  "diagnostics": {
    "resnet0": {
      "shape_match": true,
      "shape": [
        1,
        512,
        4,
        4
      ],
      "max_abs_error": 9.59634780883789e-06,
      "mean_abs_error": 1.5699989717177232e-06,
      "relative_error": 1.8885144625196398e-06,
      "cosine_similarity": 0.9999999999981068,
      "tolerance": 0.0001
    },
    "attention": {
      "shape_match": true,
      "shape": [
        1,
        512,
        4,
        4
      ],
      "max_abs_error": 1.5497207641601562e-05,
      "mean_abs_error": 2.4765263333392795e-06,
      "relative_error": 2.1720359053997265e-06,
      "cosine_similarity": 0.9999999999975752,
      "tolerance": 0.0001
    },
    "resnet1": {
      "shape_match": true,
      "shape": [
        1,
        512,
        4,
        4
      ],
      "max_abs_error": 1.5974044799804688e-05,
      "mean_abs_error": 2.900418621720746e-06,
      "relative_error": 2.3293420972058104e-06,
      "cosine_similarity": 0.9999999999973104,
      "tolerance": 0.0001
    },
    "output": {
      "shape_match": true,
      "shape": [
        1,
        512,
        4,
        4
      ],
      "max_abs_error": 1.5974044799804688e-05,
      "mean_abs_error": 2.900418621720746e-06,
      "relative_error": 2.3293420972058104e-06,
      "cosine_similarity": 0.9999999999973104,
      "tolerance": 0.0001
    }
  },
  "metrics": {
    "shape_match": true,
    "shape": [
      1,
      512,
      4,
      4
    ],
    "max_abs_error": 1.5974044799804688e-05,
    "mean_abs_error": 2.900418621720746e-06,
    "relative_error": 2.3293420972058104e-06,
    "cosine_similarity": 0.9999999999973104,
    "tolerance": 0.0001
  },
  "weights": "/mnt/data/sj/checkpoints/TADSR/jittor_converted/diffusers/time_vae_weights.npz"
}