{
  "status": "PASS",
  "target": "encoder.conv_act",
  "activation": "SiLU",
  "metrics": {
    "shape_match": true,
    "shape": [
      1,
      512,
      4,
      4
    ],
    "max_abs_error": 2.384185791015625e-07,
    "mean_abs_error": 4.342155079939403e-09,
    "relative_error": 1.2291950843410868e-08,
    "cosine_similarity": 0.9999999999999998,
    "tolerance": 0.0001
  }
}