{
  "status": "PASS",
  "target": "encoder image path -> quant_conv -> posterior mode -> deterministic decoder stack -> tail",
  "note": "deterministic encoder-to-decoder-tail bridge; this validates reconstruction stack numerically but does not enable full VAE API, stochastic sampling, UNet, LoRA runtime, or full inference",
  "diagnostics": {
    "moments": {
      "shape_match": true,
      "shape": [
        1,
        8,
        4,
        4
      ],
      "max_abs_error": 9.5367431640625e-06,
      "mean_abs_error": 1.689302735030651e-06,
      "relative_error": 1.6456072783499378e-07,
      "cosine_similarity": 0.9999999999999774,
      "tolerance": 0.002
    },
    "posterior_mode": {
      "shape_match": true,
      "shape": [
        1,
        4,
        4,
        4
      ],
      "max_abs_error": 2.86102294921875e-06,
      "mean_abs_error": 6.665941327810287e-07,
      "relative_error": 1.2711904631882547e-07,
      "cosine_similarity": 0.9999999999999906,
      "tolerance": 0.002
    },
    "decoder_conv_in": {
      "shape_match": true,
      "shape": [
        1,
        512,
        4,
        4
      ],
      "max_abs_error": 1.9073486328125e-06,
      "mean_abs_error": 1.9293725017632823e-07,
      "relative_error": 1.9575239473845134e-07,
      "cosine_similarity": 0.9999999999999838,
      "tolerance": 0.002
    },
    "decoder_midblock": {
      "shape_match": true,
      "shape": [
        1,
        512,
        4,
        4
      ],
      "max_abs_error": 4.500150680541992e-06,
      "mean_abs_error": 6.389774540593862e-07,
      "relative_error": 5.408308145189686e-07,
      "cosine_similarity": 0.9999999999998869,
      "tolerance": 0.002
    },
    "decoder_upblock0": {
      "shape_match": true,
      "shape": [
        1,
        512,
        8,
        8
      ],
      "max_abs_error": 2.288818359375e-05,
      "mean_abs_error": 2.426172670766391e-06,
      "relative_error": 5.853031475402665e-07,
      "cosine_similarity": 0.9999999999998798,
      "tolerance": 0.002
    },
    "decoder_upblock1": {
      "shape_match": true,
      "shape": [
        1,
        512,
        16,
        16
      ],
      "max_abs_error": 8.0108642578125e-05,
      "mean_abs_error": 8.99469925741414e-06,
      "relative_error": 6.589430775618209e-07,
      "cosine_similarity": 0.9999999999998507,
      "tolerance": 0.002
    },
    "decoder_upblock2": {
      "shape_match": true,
      "shape": [
        1,
        256,
        32,
        32
      ],
      "max_abs_error": 0.0001678466796875,
      "mean_abs_error": 1.3979698969102117e-05,
      "relative_error": 6.356757399590799e-07,
      "cosine_similarity": 0.9999999999998602,
      "tolerance": 0.002
    },
    "decoder_upblock3": {
      "shape_match": true,
      "shape": [
        1,
        128,
        32,
        32
      ],
      "max_abs_error": 0.0001983642578125,
      "mean_abs_error": 1.1409385308525088e-05,
      "relative_error": 4.127181599072453e-07,
      "cosine_similarity": 0.9999999999999254,
      "tolerance": 0.002
    },
    "decoder_tail_norm_out": {
      "shape_match": true,
      "shape": [
        1,
        128,
        32,
        32
      ],
      "max_abs_error": 7.748603820800781e-06,
      "mean_abs_error": 3.6309510285936764e-07,
      "relative_error": 6.073329149948553e-07,
      "cosine_similarity": 0.9999999999997919,
      "tolerance": 0.002
    },
    "decoder_tail_act": {
      "shape_match": true,
      "shape": [
        1,
        128,
        32,
        32
      ],
      "max_abs_error": 3.1888484954833984e-06,
      "mean_abs_error": 1.6188473248024415e-07,
      "relative_error": 6.446338635091928e-07,
      "cosine_similarity": 0.9999999999997529,
      "tolerance": 0.002
    },
    "decoder_tail_conv_out": {
      "shape_match": true,
      "shape": [
        1,
        3,
        32,
        32
      ],
      "max_abs_error": 7.152557373046875e-07,
      "mean_abs_error": 1.435397128564849e-07,
      "relative_error": 1.700857054246244e-07,
      "cosine_similarity": 0.9999999999999828,
      "tolerance": 0.002
    },
    "decoder_tail": {
      "shape_match": true,
      "shape": [
        1,
        3,
        32,
        32
      ],
      "max_abs_error": 7.152557373046875e-07,
      "mean_abs_error": 1.435397128564849e-07,
      "relative_error": 1.700857054246244e-07,
      "cosine_similarity": 0.9999999999999828,
      "tolerance": 0.002
    }
  },
  "metrics": {
    "shape_match": true,
    "shape": [
      1,
      3,
      32,
      32
    ],
    "max_abs_error": 7.152557373046875e-07,
    "mean_abs_error": 1.435397128564849e-07,
    "relative_error": 1.700857054246244e-07,
    "cosine_similarity": 0.9999999999999828,
    "tolerance": 0.002
  },
  "weights": "/mnt/data/sj/checkpoints/TADSR/jittor_converted/diffusers/time_vae_weights.npz"
}