{
  "status": "PASS",
  "target": "real decoder.up_blocks.0 output -> decoder.up_blocks.1",
  "note": "decoder temb is None; upsampler is nearest 2x followed by 3x3 conv",
  "diagnostics": {
    "resnet0": {
      "shape_match": true,
      "shape": [
        1,
        512,
        8,
        8
      ],
      "max_abs_error": 3.814697265625e-06,
      "mean_abs_error": 5.505788180926174e-07,
      "relative_error": 1.270972112448151e-07,
      "cosine_similarity": 0.999999999999994,
      "tolerance": 0.0001
    },
    "resnet1": {
      "shape_match": true,
      "shape": [
        1,
        512,
        8,
        8
      ],
      "max_abs_error": 7.62939453125e-06,
      "mean_abs_error": 9.135429195339384e-07,
      "relative_error": 2.0093320124868208e-07,
      "cosine_similarity": 0.9999999999999847,
      "tolerance": 0.0001
    },
    "resnet2": {
      "shape_match": true,
      "shape": [
        1,
        512,
        8,
        8
      ],
      "max_abs_error": 9.5367431640625e-06,
      "mean_abs_error": 1.272552026421181e-06,
      "relative_error": 3.4447453424044364e-07,
      "cosine_similarity": 0.999999999999966,
      "tolerance": 0.0001
    },
    "pre_upsampler": {
      "shape_match": true,
      "shape": [
        1,
        512,
        8,
        8
      ],
      "max_abs_error": 9.5367431640625e-06,
      "mean_abs_error": 1.272552026421181e-06,
      "relative_error": 3.4447453424044364e-07,
      "cosine_similarity": 0.999999999999966,
      "tolerance": 0.0001
    },
    "upsampler0": {
      "shape_match": true,
      "shape": [
        1,
        512,
        16,
        16
      ],
      "max_abs_error": 6.103515625e-05,
      "mean_abs_error": 4.61722751765592e-06,
      "relative_error": 3.382536784406058e-07,
      "cosine_similarity": 0.9999999999999603,
      "tolerance": 0.0001
    },
    "output": {
      "shape_match": true,
      "shape": [
        1,
        512,
        16,
        16
      ],
      "max_abs_error": 6.103515625e-05,
      "mean_abs_error": 4.61722751765592e-06,
      "relative_error": 3.382536784406058e-07,
      "cosine_similarity": 0.9999999999999603,
      "tolerance": 0.0001
    }
  },
  "metrics": {
    "shape_match": true,
    "shape": [
      1,
      512,
      16,
      16
    ],
    "max_abs_error": 6.103515625e-05,
    "mean_abs_error": 4.61722751765592e-06,
    "relative_error": 3.382536784406058e-07,
    "cosine_similarity": 0.9999999999999603,
    "tolerance": 0.0001
  },
  "weights": "/mnt/data/sj/checkpoints/TADSR/jittor_converted/diffusers/time_vae_weights.npz"
}