{
  "status": "PASS",
  "target": "synthetic hidden -> decoder.up_blocks.2",
  "note": "isolated deterministic synthetic upblock2 pressure test; uses 1e-3 tolerance for large linspace activations and channel-changing shortcut",
  "diagnostics": {
    "resnet0": {
      "shape_match": true,
      "shape": [
        1,
        256,
        16,
        16
      ],
      "max_abs_error": 4.476308822631836e-05,
      "mean_abs_error": 7.814919939619358e-06,
      "relative_error": 2.519599208541337e-06,
      "cosine_similarity": 0.9999999999970048,
      "tolerance": 0.001
    },
    "resnet1": {
      "shape_match": true,
      "shape": [
        1,
        256,
        16,
        16
      ],
      "max_abs_error": 5.841255187988281e-05,
      "mean_abs_error": 9.711023324143753e-06,
      "relative_error": 2.713779560738637e-06,
      "cosine_similarity": 0.9999999999964135,
      "tolerance": 0.001
    },
    "resnet2": {
      "shape_match": true,
      "shape": [
        1,
        256,
        16,
        16
      ],
      "max_abs_error": 0.00012063980102539062,
      "mean_abs_error": 1.8586631597372616e-05,
      "relative_error": 4.5580631473300894e-06,
      "cosine_similarity": 0.9999999999898312,
      "tolerance": 0.001
    },
    "pre_upsampler": {
      "shape_match": true,
      "shape": [
        1,
        256,
        16,
        16
      ],
      "max_abs_error": 0.00012063980102539062,
      "mean_abs_error": 1.8586631597372616e-05,
      "relative_error": 4.5580631473300894e-06,
      "cosine_similarity": 0.9999999999898312,
      "tolerance": 0.001
    },
    "upsampler0": {
      "shape_match": true,
      "shape": [
        1,
        256,
        32,
        32
      ],
      "max_abs_error": 0.00037860870361328125,
      "mean_abs_error": 4.2609574690821717e-05,
      "relative_error": 4.592745931157008e-06,
      "cosine_similarity": 0.9999999999896408,
      "tolerance": 0.001
    },
    "output": {
      "shape_match": true,
      "shape": [
        1,
        256,
        32,
        32
      ],
      "max_abs_error": 0.00037860870361328125,
      "mean_abs_error": 4.2609574690821717e-05,
      "relative_error": 4.592745931157008e-06,
      "cosine_similarity": 0.9999999999896408,
      "tolerance": 0.001
    }
  },
  "metrics": {
    "shape_match": true,
    "shape": [
      1,
      256,
      32,
      32
    ],
    "max_abs_error": 0.00037860870361328125,
    "mean_abs_error": 4.2609574690821717e-05,
    "relative_error": 4.592745931157008e-06,
    "cosine_similarity": 0.9999999999896408,
    "tolerance": 0.001
  },
  "weights": "/mnt/data/sj/checkpoints/TADSR/jittor_converted/diffusers/time_vae_weights.npz"
}