{
  "status": "PASS",
  "target": "real decoder.up_blocks.1 output -> decoder.up_blocks.2",
  "note": "decoder temb is None; resnet0 changes 512 channels to 256 through conv_shortcut; upsampler is nearest 2x followed by 3x3 conv",
  "diagnostics": {
    "resnet0": {
      "shape_match": true,
      "shape": [
        1,
        256,
        16,
        16
      ],
      "max_abs_error": 0.0001068115234375,
      "mean_abs_error": 2.3815127860871144e-06,
      "relative_error": 3.2559158835211904e-07,
      "cosine_similarity": 0.9999999999999588,
      "tolerance": 0.001
    },
    "resnet1": {
      "shape_match": true,
      "shape": [
        1,
        256,
        16,
        16
      ],
      "max_abs_error": 0.0001220703125,
      "mean_abs_error": 2.8715757594000024e-06,
      "relative_error": 3.8993729912072327e-07,
      "cosine_similarity": 0.999999999999952,
      "tolerance": 0.001
    },
    "resnet2": {
      "shape_match": true,
      "shape": [
        1,
        256,
        16,
        16
      ],
      "max_abs_error": 0.0001220703125,
      "mean_abs_error": 3.3766652336453262e-06,
      "relative_error": 5.349511757679872e-07,
      "cosine_similarity": 0.9999999999999412,
      "tolerance": 0.001
    },
    "pre_upsampler": {
      "shape_match": true,
      "shape": [
        1,
        256,
        16,
        16
      ],
      "max_abs_error": 0.0001220703125,
      "mean_abs_error": 3.3766652336453262e-06,
      "relative_error": 5.349511757679872e-07,
      "cosine_similarity": 0.9999999999999412,
      "tolerance": 0.001
    },
    "upsampler0": {
      "shape_match": true,
      "shape": [
        1,
        256,
        32,
        32
      ],
      "max_abs_error": 0.0001678466796875,
      "mean_abs_error": 9.56894639259076e-06,
      "relative_error": 4.35112879911289e-07,
      "cosine_similarity": 0.9999999999999332,
      "tolerance": 0.001
    },
    "output": {
      "shape_match": true,
      "shape": [
        1,
        256,
        32,
        32
      ],
      "max_abs_error": 0.0001678466796875,
      "mean_abs_error": 9.56894639259076e-06,
      "relative_error": 4.35112879911289e-07,
      "cosine_similarity": 0.9999999999999332,
      "tolerance": 0.001
    }
  },
  "metrics": {
    "shape_match": true,
    "shape": [
      1,
      256,
      32,
      32
    ],
    "max_abs_error": 0.0001678466796875,
    "mean_abs_error": 9.56894639259076e-06,
    "relative_error": 4.35112879911289e-07,
    "cosine_similarity": 0.9999999999999332,
    "tolerance": 0.001
  },
  "weights": "/mnt/data/sj/checkpoints/TADSR/jittor_converted/diffusers/time_vae_weights.npz"
}