{
  "status": "PASS",
  "target": "encoder.mid_block",
  "module_order": [
    "resnets.0",
    "attentions.0",
    "resnets.1"
  ],
  "metrics": {
    "shape_match": true,
    "shape": [
      1,
      512,
      4,
      4
    ],
    "max_abs_error": 4.1961669921875e-05,
    "mean_abs_error": 2.7746609703172e-06,
    "relative_error": 1.0490994478892671e-07,
    "cosine_similarity": 0.9999999999999941,
    "tolerance": 0.0001
  },
  "diagnostics": {
    "after_resnet0": {
      "shape_match": true,
      "shape": [
        1,
        512,
        4,
        4
      ],
      "max_abs_error": 2.288818359375e-05,
      "mean_abs_error": 9.541781764710322e-07,
      "relative_error": 3.844881240669076e-08,
      "cosine_similarity": 0.9999999999999991,
      "tolerance": 0.0001
    },
    "after_attention0": {
      "shape_match": true,
      "shape": [
        1,
        512,
        4,
        4
      ],
      "max_abs_error": 3.0517578125e-05,
      "mean_abs_error": 2.0462430256884545e-06,
      "relative_error": 8.493258408943528e-08,
      "cosine_similarity": 0.9999999999999962,
      "tolerance": 0.0001
    },
    "after_resnet1_final": {
      "shape_match": true,
      "shape": [
        1,
        512,
        4,
        4
      ],
      "max_abs_error": 4.1961669921875e-05,
      "mean_abs_error": 2.7746609703172e-06,
      "relative_error": 1.0490994478892671e-07,
      "cosine_similarity": 0.9999999999999941,
      "tolerance": 0.0001
    }
  },
  "weights": "/mnt/data/sj/checkpoints/TADSR/jittor_converted/diffusers/time_vae_weights.npz"
}