{
  "status": "PASS",
  "target": "decoder.up_blocks.0~3 -> decoder tail",
  "note": "bridge test from decoder midblock output through all upblocks and tail; uses 2e-3 tolerance for accumulated float32 drift",
  "diagnostics": {
    "decoder_upblock0": {
      "shape_match": true,
      "shape": [
        1,
        512,
        8,
        8
      ],
      "max_abs_error": 1.1444091796875e-05,
      "mean_abs_error": 1.265898209368288e-06,
      "relative_error": 4.244973501315773e-07,
      "cosine_similarity": 0.9999999999999165,
      "tolerance": 0.002
    },
    "decoder_upblock1": {
      "shape_match": true,
      "shape": [
        1,
        512,
        16,
        16
      ],
      "max_abs_error": 5.030632019042969e-05,
      "mean_abs_error": 6.402784205050693e-06,
      "relative_error": 5.91286974577679e-07,
      "cosine_similarity": 0.9999999999998331,
      "tolerance": 0.002
    },
    "decoder_upblock2": {
      "shape_match": true,
      "shape": [
        1,
        256,
        32,
        32
      ],
      "max_abs_error": 0.00014591217041015625,
      "mean_abs_error": 1.2784620821548742e-05,
      "relative_error": 8.997569789783459e-07,
      "cosine_similarity": 0.9999999999996184,
      "tolerance": 0.002
    },
    "decoder_upblock3": {
      "shape_match": true,
      "shape": [
        1,
        128,
        32,
        32
      ],
      "max_abs_error": 0.00048828125,
      "mean_abs_error": 1.7898237473445988e-05,
      "relative_error": 8.239870910820068e-07,
      "cosine_similarity": 0.999999999999662,
      "tolerance": 0.002
    },
    "decoder_tail_norm_out": {
      "shape_match": true,
      "shape": [
        1,
        128,
        32,
        32
      ],
      "max_abs_error": 3.6716461181640625e-05,
      "mean_abs_error": 5.505263603776877e-07,
      "relative_error": 1.3383060926689632e-06,
      "cosine_similarity": 0.9999999999987854,
      "tolerance": 0.002
    },
    "decoder_tail_act": {
      "shape_match": true,
      "shape": [
        1,
        128,
        32,
        32
      ],
      "max_abs_error": 1.9043684005737305e-05,
      "mean_abs_error": 2.1236944709133185e-07,
      "relative_error": 1.394857120199144e-06,
      "cosine_similarity": 0.9999999999977869,
      "tolerance": 0.002
    },
    "decoder_tail_conv_out": {
      "shape_match": true,
      "shape": [
        1,
        3,
        32,
        32
      ],
      "max_abs_error": 3.2782554626464844e-06,
      "mean_abs_error": 2.140653426370894e-07,
      "relative_error": 7.427268188308951e-07,
      "cosine_similarity": 0.9999999999995494,
      "tolerance": 0.002
    },
    "decoder_tail": {
      "shape_match": true,
      "shape": [
        1,
        3,
        32,
        32
      ],
      "max_abs_error": 3.2782554626464844e-06,
      "mean_abs_error": 2.140653426370894e-07,
      "relative_error": 7.427268188308951e-07,
      "cosine_similarity": 0.9999999999995494,
      "tolerance": 0.002
    }
  },
  "metrics": {
    "shape_match": true,
    "shape": [
      1,
      3,
      32,
      32
    ],
    "max_abs_error": 3.2782554626464844e-06,
    "mean_abs_error": 2.140653426370894e-07,
    "relative_error": 7.427268188308951e-07,
    "cosine_similarity": 0.9999999999995494,
    "tolerance": 0.002
  },
  "weights": "/mnt/data/sj/checkpoints/TADSR/jittor_converted/diffusers/time_vae_weights.npz"
}