{
  "status": "PASS",
  "target": "latent z -> post_quant_conv -> decoder.conv_in -> mid_block -> up_blocks.0~3 -> tail",
  "note": "deterministic decoder stack bridge to tail; uses 2e-3 tolerance for accumulated float32 drift; this is not full VAE or full TADSR inference",
  "diagnostics": {
    "post_quant_conv": {
      "shape_match": true,
      "shape": [
        1,
        4,
        4,
        4
      ],
      "max_abs_error": 5.960464477539063e-08,
      "mean_abs_error": 4.190951585769653e-09,
      "relative_error": 1.4472931614908453e-08,
      "cosine_similarity": 0.9999999999999994,
      "tolerance": 0.002
    },
    "decoder_conv_in": {
      "shape_match": true,
      "shape": [
        1,
        512,
        4,
        4
      ],
      "max_abs_error": 2.384185791015625e-07,
      "mean_abs_error": 1.1058745030823047e-08,
      "relative_error": 5.798317694904203e-08,
      "cosine_similarity": 0.9999999999999974,
      "tolerance": 0.002
    },
    "decoder_midblock": {
      "shape_match": true,
      "shape": [
        1,
        512,
        4,
        4
      ],
      "max_abs_error": 2.384185791015625e-06,
      "mean_abs_error": 3.6261644709156826e-07,
      "relative_error": 3.73693783753209e-07,
      "cosine_similarity": 0.9999999999999295,
      "tolerance": 0.002
    },
    "decoder_upblock0": {
      "shape_match": true,
      "shape": [
        1,
        512,
        8,
        8
      ],
      "max_abs_error": 1.33514404296875e-05,
      "mean_abs_error": 1.7265455696247045e-06,
      "relative_error": 5.789675771425907e-07,
      "cosine_similarity": 0.9999999999998436,
      "tolerance": 0.002
    },
    "decoder_upblock1": {
      "shape_match": true,
      "shape": [
        1,
        512,
        16,
        16
      ],
      "max_abs_error": 9.1552734375e-05,
      "mean_abs_error": 8.123663750581045e-06,
      "relative_error": 7.502074734579309e-07,
      "cosine_similarity": 0.9999999999997227,
      "tolerance": 0.002
    },
    "decoder_upblock2": {
      "shape_match": true,
      "shape": [
        1,
        256,
        32,
        32
      ],
      "max_abs_error": 0.00037384033203125,
      "mean_abs_error": 1.9698307040627583e-05,
      "relative_error": 1.386328893226877e-06,
      "cosine_similarity": 0.999999999998697,
      "tolerance": 0.002
    },
    "decoder_upblock3": {
      "shape_match": true,
      "shape": [
        1,
        128,
        32,
        32
      ],
      "max_abs_error": 0.00128173828125,
      "mean_abs_error": 4.334792453164482e-05,
      "relative_error": 1.9956227696869127e-06,
      "cosine_similarity": 0.9999999999963466,
      "tolerance": 0.002
    },
    "decoder_tail_norm_out": {
      "shape_match": true,
      "shape": [
        1,
        128,
        32,
        32
      ],
      "max_abs_error": 3.838539123535156e-05,
      "mean_abs_error": 1.1149397802185735e-06,
      "relative_error": 2.7103710343712474e-06,
      "cosine_similarity": 0.9999999999934749,
      "tolerance": 0.002
    },
    "decoder_tail_act": {
      "shape_match": true,
      "shape": [
        1,
        128,
        32,
        32
      ],
      "max_abs_error": 1.6897916793823242e-05,
      "mean_abs_error": 3.3820542715511364e-07,
      "relative_error": 2.221356483328897e-06,
      "cosine_similarity": 0.9999999999950636,
      "tolerance": 0.002
    },
    "decoder_tail_conv_out": {
      "shape_match": true,
      "shape": [
        1,
        3,
        32,
        32
      ],
      "max_abs_error": 2.384185791015625e-06,
      "mean_abs_error": 2.509790040979472e-07,
      "relative_error": 8.708034425873334e-07,
      "cosine_similarity": 0.9999999999993984,
      "tolerance": 0.002
    },
    "decoder_tail": {
      "shape_match": true,
      "shape": [
        1,
        3,
        32,
        32
      ],
      "max_abs_error": 2.384185791015625e-06,
      "mean_abs_error": 2.509790040979472e-07,
      "relative_error": 8.708034425873334e-07,
      "cosine_similarity": 0.9999999999993984,
      "tolerance": 0.002
    }
  },
  "metrics": {
    "shape_match": true,
    "shape": [
      1,
      3,
      32,
      32
    ],
    "max_abs_error": 2.384185791015625e-06,
    "mean_abs_error": 2.509790040979472e-07,
    "relative_error": 8.708034425873334e-07,
    "cosine_similarity": 0.9999999999993984,
    "tolerance": 0.002
  },
  "weights": "/mnt/data/sj/checkpoints/TADSR/jittor_converted/diffusers/time_vae_weights.npz"
}