{
  "status": "PASS",
  "target": "encoder -> quant_conv -> posterior mode -> decoder.mid_block -> decoder.up_blocks.0",
  "note": "deterministic real bridge; encoder temb used; decoder temb is None; no sampling",
  "diagnostics": {
    "moments": {
      "shape_match": true,
      "shape": [
        1,
        8,
        4,
        4
      ],
      "max_abs_error": 9.5367431640625e-06,
      "mean_abs_error": 1.689302735030651e-06,
      "relative_error": 1.6456072783499378e-07,
      "cosine_similarity": 0.9999999999999774,
      "tolerance": 0.0001
    },
    "posterior_mode": {
      "shape_match": true,
      "shape": [
        1,
        4,
        4,
        4
      ],
      "max_abs_error": 2.86102294921875e-06,
      "mean_abs_error": 6.665941327810287e-07,
      "relative_error": 1.2711904631882547e-07,
      "cosine_similarity": 0.9999999999999906,
      "tolerance": 0.0001
    },
    "decoder_conv_in": {
      "shape_match": true,
      "shape": [
        1,
        512,
        4,
        4
      ],
      "max_abs_error": 1.9073486328125e-06,
      "mean_abs_error": 1.9293725017632823e-07,
      "relative_error": 1.9575239473845134e-07,
      "cosine_similarity": 0.9999999999999838,
      "tolerance": 0.0001
    },
    "decoder_midblock": {
      "shape_match": true,
      "shape": [
        1,
        512,
        4,
        4
      ],
      "max_abs_error": 4.500150680541992e-06,
      "mean_abs_error": 6.389774540593862e-07,
      "relative_error": 5.408308145189686e-07,
      "cosine_similarity": 0.9999999999998869,
      "tolerance": 0.0001
    },
    "decoder_upblock0": {
      "shape_match": true,
      "shape": [
        1,
        512,
        8,
        8
      ],
      "max_abs_error": 2.288818359375e-05,
      "mean_abs_error": 2.426172670766391e-06,
      "relative_error": 5.853031475402665e-07,
      "cosine_similarity": 0.9999999999998798,
      "tolerance": 0.0001
    }
  },
  "metrics": {
    "shape_match": true,
    "shape": [
      1,
      512,
      8,
      8
    ],
    "max_abs_error": 2.288818359375e-05,
    "mean_abs_error": 2.426172670766391e-06,
    "relative_error": 5.853031475402665e-07,
    "cosine_similarity": 0.9999999999998798,
    "tolerance": 0.0001
  },
  "weights": "/mnt/data/sj/checkpoints/TADSR/jittor_converted/diffusers/time_vae_weights.npz"
}