{
  "status": "PASS",
  "target": "z -> post_quant_conv -> decoder.conv_in -> decoder.mid_block",
  "note": "synthetic latent; decoder temb is None",
  "diagnostics": {
    "post_quant_conv": {
      "shape_match": true,
      "shape": [
        1,
        4,
        4,
        4
      ],
      "max_abs_error": 5.960464477539063e-08,
      "mean_abs_error": 4.190951585769653e-09,
      "relative_error": 1.4472931614908453e-08,
      "cosine_similarity": 0.9999999999999994,
      "tolerance": 0.0001
    },
    "decoder_conv_in": {
      "shape_match": true,
      "shape": [
        1,
        512,
        4,
        4
      ],
      "max_abs_error": 2.384185791015625e-07,
      "mean_abs_error": 1.1058745030823047e-08,
      "relative_error": 5.798317694904203e-08,
      "cosine_similarity": 0.9999999999999974,
      "tolerance": 0.0001
    },
    "decoder_midblock": {
      "shape_match": true,
      "shape": [
        1,
        512,
        4,
        4
      ],
      "max_abs_error": 2.384185791015625e-06,
      "mean_abs_error": 3.6261644709156826e-07,
      "relative_error": 3.73693783753209e-07,
      "cosine_similarity": 0.9999999999999295,
      "tolerance": 0.0001
    }
  },
  "metrics": {
    "shape_match": true,
    "shape": [
      1,
      512,
      4,
      4
    ],
    "max_abs_error": 2.384185791015625e-06,
    "mean_abs_error": 3.6261644709156826e-07,
    "relative_error": 3.73693783753209e-07,
    "cosine_similarity": 0.9999999999999295,
    "tolerance": 0.0001
  },
  "weights": "/mnt/data/sj/checkpoints/TADSR/jittor_converted/diffusers/time_vae_weights.npz"
}