{
  "status": "PASS",
  "target": "isolated decoder tail: conv_norm_out -> conv_act -> conv_out",
  "note": "isolated synthetic hidden -> full decoder tail alignment; no scaling_factor, tanh, clamp, or pipeline postprocess is applied",
  "diagnostics": {
    "norm_out": {
      "shape_match": true,
      "shape": [
        1,
        128,
        32,
        32
      ],
      "max_abs_error": 9.298324584960938e-06,
      "mean_abs_error": 1.8709834789104596e-06,
      "relative_error": 2.755312612653112e-06,
      "cosine_similarity": 0.9999999999937493,
      "tolerance": 0.0001
    },
    "act": {
      "shape_match": true,
      "shape": [
        1,
        128,
        32,
        32
      ],
      "max_abs_error": 1.0251998901367188e-05,
      "mean_abs_error": 9.220940512463804e-07,
      "relative_error": 2.8234234962256467e-06,
      "cosine_similarity": 0.9999999999915102,
      "tolerance": 0.0001
    },
    "conv_out": {
      "shape_match": true,
      "shape": [
        1,
        3,
        32,
        32
      ],
      "max_abs_error": 1.7285346984863281e-06,
      "mean_abs_error": 6.843505010086423e-07,
      "relative_error": 1.8593110967628196e-06,
      "cosine_similarity": 0.9999999999987242,
      "tolerance": 0.0001
    },
    "tail": {
      "shape_match": true,
      "shape": [
        1,
        3,
        32,
        32
      ],
      "max_abs_error": 1.7285346984863281e-06,
      "mean_abs_error": 6.843505010086423e-07,
      "relative_error": 1.8593110967628196e-06,
      "cosine_similarity": 0.9999999999987242,
      "tolerance": 0.0001
    }
  },
  "metrics": {
    "shape_match": true,
    "shape": [
      1,
      3,
      32,
      32
    ],
    "max_abs_error": 1.7285346984863281e-06,
    "mean_abs_error": 6.843505010086423e-07,
    "relative_error": 1.8593110967628196e-06,
    "cosine_similarity": 0.9999999999987242,
    "tolerance": 0.0001
  },
  "weights": "/mnt/data/sj/checkpoints/TADSR/jittor_converted/diffusers/time_vae_weights.npz"
}