{
  "status": "PASS",
  "target": "encoder.conv_in + down_blocks.0..3 + mid_block + tail + quant_conv + posterior mode + post_quant_conv + decoder.conv_in",
  "note": "deterministic encoder-to-decoder-entry bridge; no latent sampling",
  "diagnostics": {
    "encoder_to_quant_moments": {
      "shape_match": true,
      "shape": [
        1,
        8,
        4,
        4
      ],
      "max_abs_error": 9.5367431640625e-06,
      "mean_abs_error": 1.689302735030651e-06,
      "relative_error": 1.6456072783499378e-07,
      "cosine_similarity": 0.9999999999999774,
      "tolerance": 0.0001
    },
    "posterior_mode": {
      "shape_match": true,
      "shape": [
        1,
        4,
        4,
        4
      ],
      "max_abs_error": 2.86102294921875e-06,
      "mean_abs_error": 6.665941327810287e-07,
      "relative_error": 1.2711904631882547e-07,
      "cosine_similarity": 0.9999999999999906,
      "tolerance": 0.0001
    },
    "post_quant_conv": {
      "shape_match": true,
      "shape": [
        1,
        4,
        4,
        4
      ],
      "max_abs_error": 1.5497207641601562e-06,
      "mean_abs_error": 2.8172507882118225e-07,
      "relative_error": 1.011416190228984e-07,
      "cosine_similarity": 0.999999999999993,
      "tolerance": 0.0001
    },
    "decoder_conv_in": {
      "shape_match": true,
      "shape": [
        1,
        512,
        4,
        4
      ],
      "max_abs_error": 1.9073486328125e-06,
      "mean_abs_error": 1.9293725017632823e-07,
      "relative_error": 1.9575239473845134e-07,
      "cosine_similarity": 0.9999999999999838,
      "tolerance": 0.0001
    }
  },
  "metrics": {
    "shape_match": true,
    "shape": [
      1,
      512,
      4,
      4
    ],
    "max_abs_error": 1.9073486328125e-06,
    "mean_abs_error": 1.9293725017632823e-07,
    "relative_error": 1.9575239473845134e-07,
    "cosine_similarity": 0.9999999999999838,
    "tolerance": 0.0001
  },
  "weights": "/mnt/data/sj/checkpoints/TADSR/jittor_converted/diffusers/time_vae_weights.npz"
}