{
  "status": "PASS",
  "target": "decoder.mid_block output -> decoder.up_blocks.0 -> decoder.up_blocks.1",
  "note": "bridge test for consecutive decoder upblocks",
  "diagnostics": {
    "decoder_upblock0": {
      "shape_match": true,
      "shape": [
        1,
        512,
        8,
        8
      ],
      "max_abs_error": 1.1444091796875e-05,
      "mean_abs_error": 1.265898209368288e-06,
      "relative_error": 4.244973501315773e-07,
      "cosine_similarity": 0.9999999999999165,
      "tolerance": 0.0001
    },
    "decoder_upblock1": {
      "shape_match": true,
      "shape": [
        1,
        512,
        16,
        16
      ],
      "max_abs_error": 5.030632019042969e-05,
      "mean_abs_error": 6.402784205050693e-06,
      "relative_error": 5.91286974577679e-07,
      "cosine_similarity": 0.9999999999998331,
      "tolerance": 0.0001
    }
  },
  "metrics": {
    "shape_match": true,
    "shape": [
      1,
      512,
      16,
      16
    ],
    "max_abs_error": 5.030632019042969e-05,
    "mean_abs_error": 6.402784205050693e-06,
    "relative_error": 5.91286974577679e-07,
    "cosine_similarity": 0.9999999999998331,
    "tolerance": 0.0001
  },
  "weights": "/mnt/data/sj/checkpoints/TADSR/jittor_converted/diffusers/time_vae_weights.npz"
}