{
  "weight_l2_delta": 0.3966411054134369,
  "bias_l2_delta": 0.0031919796019792557
}
