{
  "val_mse": 0.00021354198342733488,
  "val_mae": 0.011301324961877413,
  "val_max_abs_error": 0.1415035016834736,
  "val_l2_error": 2.645249272364851,
  "prediction_mean": -0.015713587403297424,
  "prediction_std": 0.08912253379821777,
  "target_mean": -0.01682971976697445,
  "target_std": 0.08818331360816956
}
