{
  "status": "PASS",
  "generated_at_utc": "2026-06-09T12:46:10.622840+00:00",
  "requested_seeds": [
    1234,
    2025,
    42
  ],
  "completed_seeds": [
    1234,
    2025,
    42
  ],
  "num_pass": 3,
  "num_partial": 0,
  "num_fail": 0,
  "mean_jittor_final_val_loss": 0.0003193581699936961,
  "std_jittor_final_val_loss": 0.00015688989278442506,
  "mean_val_loss_relative_gap": 0.001304255192851761,
  "std_val_loss_relative_gap": 0.001701132923741718,
  "full_tadsr_training": false,
  "full_inference_executed": false,
  "image_saved": false,
  "video_saved": false,
  "rows": [
    {
      "seed": 1234,
      "pytorch_train_final_loss": 0.002394642448052764,
      "jittor_train_final_loss": 0.0023698483128100634,
      "pytorch_val_final_loss": 0.0005391479935497046,
      "jittor_val_final_loss": 0.0005411556921899319,
      "pytorch_loss_drop_ratio": 0.5427106603715365,
      "jittor_loss_drop_ratio": 0.547445475837976,
      "pytorch_val_loss_drop_ratio": 0.8880184403110267,
      "jittor_val_loss_drop_ratio": 0.8876008197114529,
      "val_loss_relative_gap": 0.0037100203678956532,
      "prediction_relative_l2_diff": 0.002308113219929688,
      "status": "PASS"
    },
    {
      "seed": 2025,
      "pytorch_train_final_loss": 0.00018576842558104545,
      "jittor_train_final_loss": 0.0001858498144429177,
      "pytorch_val_final_loss": 0.000213541992707178,
      "jittor_val_final_loss": 0.00021356352954171598,
      "pytorch_loss_drop_ratio": 0.9566411710225154,
      "jittor_loss_drop_ratio": 0.9566221652233634,
      "pytorch_val_loss_drop_ratio": 0.9533319271686586,
      "jittor_val_loss_drop_ratio": 0.9533271064535662,
      "val_loss_relative_gap": 0.00010084509552824229,
      "prediction_relative_l2_diff": 0.0004404154841507399,
      "status": "PASS"
    },
    {
      "seed": 42,
      "pytorch_train_final_loss": 0.00011204227484995499,
      "jittor_train_final_loss": 0.00011203467147424817,
      "pytorch_val_final_loss": 0.0002033345663221553,
      "jittor_val_final_loss": 0.0002033552882494405,
      "pytorch_loss_drop_ratio": 0.9865728029394423,
      "jittor_loss_drop_ratio": 0.9865737021433515,
      "pytorch_val_loss_drop_ratio": 0.9735802783488051,
      "jittor_val_loss_drop_ratio": 0.9735776130791803,
      "val_loss_relative_gap": 0.0001019001151313871,
      "prediction_relative_l2_diff": 0.0002488762113684496,
      "status": "PASS"
    }
  ]
}
