{
  "status": "PASS",
  "generated_at_utc": "2026-06-09T12:45:59.360027+00:00",
  "pytorch_train_initial_loss": 0.005236602388322353,
  "pytorch_train_final_loss": 0.002394642448052764,
  "pytorch_train_loss_drop_ratio": 0.5427106603715365,
  "pytorch_val_initial_loss": 0.004814614076167345,
  "pytorch_val_final_loss": 0.0005391479935497046,
  "pytorch_val_loss_drop_ratio": 0.8880184403110267,
  "jittor_train_initial_loss": 0.005236602853983641,
  "jittor_train_final_loss": 0.0023698483128100634,
  "jittor_train_loss_drop_ratio": 0.547445475837976,
  "jittor_val_initial_loss": 0.0048145875334739685,
  "jittor_val_final_loss": 0.0005411556921899319,
  "jittor_val_loss_drop_ratio": 0.8876008197114529,
  "final_loss_relative_gap": 0.01035400306332257,
  "final_train_loss_relative_gap": 0.01035400306332257,
  "final_val_loss_relative_gap": 0.0037100203678956532,
  "train_loss_correlation": 0.9999542811379952,
  "val_loss_correlation": 0.9999766664291835,
  "trend_alignment_status": "PASS",
  "no_nan_inf": true,
  "pytorch_step_time_mean": 0.001276092529296875,
  "jittor_step_time_mean": 0.0011350858211517335,
  "pytorch_samples_per_sec_mean": 2092.8958147404087,
  "jittor_samples_per_sec_mean": 2264.4115669454186,
  "selected_gpu": "none",
  "cpu_fallback": true,
  "full_tadsr_training": false,
  "full_inference_executed": false,
  "image_saved": false,
  "video_saved": false
}
