{
  "val_mse": 0.00021356441443890338,
  "val_mae": 0.01130211675871351,
  "val_max_abs_error": 0.14157456532120705,
  "val_l2_error": 2.64538820068697,
  "prediction_mean": -0.015700548887252808,
  "prediction_std": 0.08913715183734894,
  "target_mean": -0.01682971976697445,
  "target_std": 0.08818331360816956
}
