{
  "weight_l2_delta": 0.3963460326194763,
  "bias_l2_delta": 0.0031910089310258627
}
