{
  "status": "PASS",
  "diagnostics": {
    "norm1": {
      "shape_match": true,
      "shape": [
        1,
        640,
        8,
        8
      ],
      "max_abs_error": 2.384185791015625e-07,
      "mean_abs_error": 1.7822583675553006e-08,
      "relative_error": 6.49514647688041e-08,
      "cosine_similarity": 0.9999999999999964,
      "tolerance": 0.0001
    },
    "conv1": {
      "shape_match": true,
      "shape": [
        1,
        1280,
        8,
        8
      ],
      "max_abs_error": 1.9073486328125e-06,
      "mean_abs_error": 1.560953322155001e-07,
      "relative_error": 1.7990081700129261e-07,
      "cosine_similarity": 0.9999999999999823,
      "tolerance": 0.0001
    },
    "time_emb_proj": {
      "shape_match": true,
      "shape": [
        1,
        1280
      ],
      "max_abs_error": 1.33514404296875e-05,
      "mean_abs_error": 3.656186891021207e-08,
      "relative_error": 1.4545411568594075e-07,
      "cosine_similarity": 0.9999999999999657,
      "tolerance": 0.0001
    },
    "after_temb_add": {
      "shape_match": true,
      "shape": [
        1,
        1280,
        8,
        8
      ],
      "max_abs_error": 1.52587890625e-05,
      "mean_abs_error": 1.7168565022984694e-07,
      "relative_error": 1.8256170271283656e-07,
      "cosine_similarity": 0.9999999999999654,
      "tolerance": 0.0001
    },
    "norm2": {
      "shape_match": true,
      "shape": [
        1,
        1280,
        8,
        8
      ],
      "max_abs_error": 2.384185791015625e-06,
      "mean_abs_error": 1.0215746079067501e-07,
      "relative_error": 1.888446728561395e-07,
      "cosine_similarity": 0.9999999999999857,
      "tolerance": 0.0001
    },
    "conv2": {
      "shape_match": true,
      "shape": [
        1,
        1280,
        8,
        8
      ],
      "max_abs_error": 3.337860107421875e-06,
      "mean_abs_error": 3.2611226856715804e-07,
      "relative_error": 3.387800705382662e-07,
      "cosine_similarity": 0.9999999999999428,
      "tolerance": 0.0001
    },
    "shortcut": {
      "shape_match": true,
      "shape": [
        1,
        1280,
        8,
        8
      ],
      "max_abs_error": 1.52587890625e-05,
      "mean_abs_error": 5.832820622941881e-07,
      "relative_error": 3.8259060049688344e-07,
      "cosine_similarity": 0.9999999999999036,
      "tolerance": 0.0001
    },
    "output": {
      "shape_match": true,
      "shape": [
        1,
        1280,
        8,
        8
      ],
      "max_abs_error": 1.621246337890625e-05,
      "mean_abs_error": 6.887760946483467e-07,
      "relative_error": 4.1290576784414494e-07,
      "cosine_similarity": 0.9999999999999039,
      "tolerance": 0.0001
    }
  },
  "note": "Only down_blocks.2.resnets.0 is executed; down_blocks.2 attention/resnet1/downsampler/full UNet remain unopened."
}