{
  "status": "PASS",
  "diagnostics": {
    "norm": {
      "shape_match": true,
      "shape": [
        1,
        320,
        32,
        32
      ],
      "max_abs_error": 3.0994415283203125e-06,
      "mean_abs_error": 1.039269676156654e-06,
      "relative_error": 2.866627501441919e-06,
      "cosine_similarity": 0.9999999999947937,
      "tolerance": 0.0001
    },
    "sequence_input": {
      "shape_match": true,
      "shape": [
        1,
        1024,
        320
      ],
      "max_abs_error": 3.0994415283203125e-06,
      "mean_abs_error": 1.039269676156654e-06,
      "relative_error": 2.866627501441919e-06,
      "cosine_similarity": 0.9999999999947929,
      "tolerance": 0.0001
    },
    "proj_in": {
      "shape_match": true,
      "shape": [
        1,
        1024,
        320
      ],
      "max_abs_error": 6.645917892456055e-06,
      "mean_abs_error": 1.2905781446193032e-06,
      "relative_error": 3.330326592560543e-06,
      "cosine_similarity": 0.9999999999949769,
      "tolerance": 0.0002
    }
  }
}