{
  "status": "PASS",
  "diagnostics": {
    "synthetic_output": {
      "shape_match": true,
      "shape": [
        1,
        1280,
        4,
        4
      ],
      "max_abs_error": 3.337860107421875e-05,
      "mean_abs_error": 4.352007135821623e-06,
      "relative_error": 3.5230673119959438e-06,
      "cosine_similarity": 0.9999999999945104,
      "tolerance": 0.0001
    },
    "synthetic_conv2": {
      "shape_match": true,
      "shape": [
        1,
        1280,
        4,
        4
      ],
      "max_abs_error": 3.337860107421875e-05,
      "mean_abs_error": 4.351937150204321e-06,
      "relative_error": 3.7815391777205005e-06,
      "cosine_similarity": 0.9999999999939876,
      "tolerance": 0.0001
    },
    "synthetic_shortcut": {
      "shape_match": true,
      "shape": [
        1,
        1280,
        4,
        4
      ],
      "max_abs_error": 0.0,
      "mean_abs_error": 0.0,
      "relative_error": 0.0,
      "cosine_similarity": 1.0,
      "tolerance": 0.0001
    }
  },
  "note": "Synthetic isolated hidden/temb -> down_blocks.3.resnets.1 only."
}