{
  "status": "PASS",
  "diagnostics": {
    "output": {
      "shape_match": true,
      "shape": [
        1,
        1280,
        4,
        4
      ],
      "max_abs_error": 4.506111145019531e-05,
      "mean_abs_error": 3.2443943609905547e-06,
      "relative_error": 2.663148474568109e-06,
      "cosine_similarity": 0.9999999999966578,
      "tolerance": 0.0002
    }
  },
  "note": "Synthetic hidden/residual concat -> up_blocks.0.resnets.0 only."
}