{
  "status": "PASS",
  "diagnostics": {
    "output": {
      "shape_match": true,
      "shape": [
        1,
        1280,
        8,
        8
      ],
      "max_abs_error": 4.00543212890625e-05,
      "mean_abs_error": 8.101993034870248e-06,
      "relative_error": 3.1440691242297584e-06,
      "cosine_similarity": 0.9999999999951183,
      "tolerance": 0.002
    },
    "official_output": {
      "shape_match": true,
      "shape": [
        1,
        1280,
        8,
        8
      ],
      "max_abs_error": 4.00543212890625e-05,
      "mean_abs_error": 8.101993034870248e-06,
      "relative_error": 3.1440691242297584e-06,
      "cosine_similarity": 0.9999999999951183,
      "tolerance": 0.002
    }
  },
  "note": "Only up_blocks.1.attentions.1 is executed; full up_blocks.1 remains unopened."
}