{
  "status": "PASS",
  "diagnostics": {
    "output": {
      "shape_match": true,
      "shape": [
        1,
        640,
        16,
        16
      ],
      "max_abs_error": 8.96453857421875e-05,
      "mean_abs_error": 2.0998011314077304e-05,
      "relative_error": 9.317706232873601e-06,
      "cosine_similarity": 0.9999999999569598,
      "tolerance": 0.002
    },
    "official_output": {
      "shape_match": true,
      "shape": [
        1,
        640,
        16,
        16
      ],
      "max_abs_error": 8.96453857421875e-05,
      "mean_abs_error": 2.0998011314077304e-05,
      "relative_error": 9.317706232873601e-06,
      "cosine_similarity": 0.9999999999569598,
      "tolerance": 0.002
    }
  },
  "note": "Only up_blocks.2.attentions.1 is executed; full up_blocks.2 remains unopened."
}