{
  "status": "PASS",
  "diagnostics": {
    "norm1": {
      "shape_match": true,
      "shape": [
        1,
        64,
        1280
      ],
      "max_abs_error": 4.172325134277344e-06,
      "mean_abs_error": 7.685346771757473e-07,
      "relative_error": 3.267792033772607e-06,
      "cosine_similarity": 0.9999999999946302,
      "tolerance": 0.0001
    },
    "attn1_q": {
      "shape_match": true,
      "shape": [
        1,
        64,
        1280
      ],
      "max_abs_error": 1.2561678886413574e-05,
      "mean_abs_error": 2.3855003679074116e-06,
      "relative_error": 3.296961101451677e-06,
      "cosine_similarity": 0.9999999999947262,
      "tolerance": 0.0001
    },
    "attn1_k": {
      "shape_match": true,
      "shape": [
        1,
        64,
        1280
      ],
      "max_abs_error": 1.0795891284942627e-05,
      "mean_abs_error": 2.2961666942933333e-06,
      "relative_error": 3.831125530025043e-06,
      "cosine_similarity": 0.9999999999927046,
      "tolerance": 0.0001
    },
    "attn1_v": {
      "shape_match": true,
      "shape": [
        1,
        64,
        1280
      ],
      "max_abs_error": 1.0371208190917969e-05,
      "mean_abs_error": 2.153289393191926e-06,
      "relative_error": 4.4324689322695164e-06,
      "cosine_similarity": 0.9999999999903205,
      "tolerance": 0.0001
    },
    "attn1_output": {
      "shape_match": true,
      "shape": [
        1,
        64,
        1280
      ],
      "max_abs_error": 3.0994415283203125e-05,
      "mean_abs_error": 3.5512749889221594e-06,
      "relative_error": 4.490621709346359e-06,
      "cosine_similarity": 0.9999999999900134,
      "tolerance": 0.001
    },
    "after_attn1": {
      "shape_match": true,
      "shape": [
        1,
        64,
        1280
      ],
      "max_abs_error": 2.6702880859375e-05,
      "mean_abs_error": 3.241074023208057e-06,
      "relative_error": 3.2346641000525905e-06,
      "cosine_similarity": 0.9999999999951322,
      "tolerance": 0.001
    }
  }
}