{
  "status": "PASS",
  "diagnostics": {
    "norm": {
      "shape_match": true,
      "shape": [
        1,
        1280,
        8,
        8
      ],
      "max_abs_error": 3.0919909477233887e-06,
      "mean_abs_error": 1.0215304807464909e-06,
      "relative_error": 3.1082359414989126e-06,
      "cosine_similarity": 0.9999999999943036,
      "tolerance": 0.0001
    },
    "sequence_input": {
      "shape_match": true,
      "shape": [
        1,
        64,
        1280
      ],
      "max_abs_error": 3.0919909477233887e-06,
      "mean_abs_error": 1.0215304807464909e-06,
      "relative_error": 3.1082359414989126e-06,
      "cosine_similarity": 0.999999999994304,
      "tolerance": 0.0001
    },
    "proj_in": {
      "shape_match": true,
      "shape": [
        1,
        64,
        1280
      ],
      "max_abs_error": 3.719329833984375e-05,
      "mean_abs_error": 2.3768277571889485e-06,
      "relative_error": 3.2649020044984623e-06,
      "cosine_similarity": 0.9999999999947473,
      "tolerance": 0.0001
    }
  }
}