{
  "status": "PASS",
  "diagnostics": {
    "output": {
      "shape_match": true,
      "shape": [
        1,
        320,
        32,
        32
      ],
      "max_abs_error": 2.09808349609375e-05,
      "mean_abs_error": 4.415624664488859e-06,
      "relative_error": 3.847327180156607e-06,
      "cosine_similarity": 0.9999999999930337,
      "tolerance": 0.002
    },
    "official_output": {
      "shape_match": true,
      "shape": [
        1,
        320,
        32,
        32
      ],
      "max_abs_error": 2.09808349609375e-05,
      "mean_abs_error": 4.415624664488859e-06,
      "relative_error": 3.847327180156607e-06,
      "cosine_similarity": 0.9999999999930337,
      "tolerance": 0.002
    }
  },
  "note": "Only up_blocks.3.attentions.1 is executed; full up_blocks.3 remains unopened."
}