{
  "status": "PASS",
  "diagnostics": {
    "output": {
      "shape_match": true,
      "shape": [
        1,
        1280,
        8,
        8
      ],
      "max_abs_error": 3.337860107421875e-05,
      "mean_abs_error": 6.172000837523228e-06,
      "relative_error": 2.761480925514942e-06,
      "cosine_similarity": 0.9999999999960631,
      "tolerance": 0.002
    },
    "official_output": {
      "shape_match": true,
      "shape": [
        1,
        1280,
        8,
        8
      ],
      "max_abs_error": 3.337860107421875e-05,
      "mean_abs_error": 6.172000837523228e-06,
      "relative_error": 2.761480925514942e-06,
      "cosine_similarity": 0.9999999999960631,
      "tolerance": 0.002
    }
  },
  "note": "Only up_blocks.1.attentions.2 is executed; full up_blocks.1 remains unopened."
}