{
  "status": "PASS",
  "target": "UNet entry aggregate: center input, conv_in, time_proj, time_embedding",
  "note": "Entry aggregate stops before down_blocks.0. This is not full UNet forward and not full TADSR inference.",
  "diagnostics": {
    "center_input": {
      "shape_match": true,
      "shape": [
        1,
        4,
        32,
        32
      ],
      "max_abs_error": 0.0,
      "mean_abs_error": 0.0,
      "relative_error": 0.0,
      "cosine_similarity": 1.0000000000000002,
      "tolerance": 0.0
    },
    "conv_in": {
      "shape_match": true,
      "shape": [
        1,
        320,
        32,
        32
      ],
      "max_abs_error": 8.344650268554688e-07,
      "mean_abs_error": 1.2484131417522804e-08,
      "relative_error": 8.945803719865577e-08,
      "cosine_similarity": 0.9999999999999959,
      "tolerance": 0.0001
    },
    "time_proj": {
      "shape_match": true,
      "shape": [
        1,
        320
      ],
      "max_abs_error": 1.1920928955078125e-07,
      "mean_abs_error": 4.547564458334819e-09,
      "relative_error": 8.438172602820315e-09,
      "cosine_similarity": 0.9999999999999998,
      "tolerance": 1e-05
    },
    "time_embedding_linear1": {
      "shape_match": true,
      "shape": [
        1,
        1280
      ],
      "max_abs_error": 9.5367431640625e-07,
      "mean_abs_error": 2.0802190192625858e-08,
      "relative_error": 9.716984920864244e-08,
      "cosine_similarity": 0.9999999999999968,
      "tolerance": 0.0001
    },
    "time_embedding_act": {
      "shape_match": true,
      "shape": [
        1,
        1280
      ],
      "max_abs_error": 4.76837158203125e-07,
      "mean_abs_error": 5.502738709139976e-09,
      "relative_error": 1.2015353084195342e-07,
      "cosine_similarity": 0.999999999999999,
      "tolerance": 0.0001
    },
    "time_embedding": {
      "shape_match": true,
      "shape": [
        1,
        1280
      ],
      "max_abs_error": 4.76837158203125e-07,
      "mean_abs_error": 4.2749661588459276e-09,
      "relative_error": 2.484385767769718e-07,
      "cosine_similarity": 0.9999999999999917,
      "tolerance": 0.001
    }
  },
  "weights": "experiments/full_repro/unet_alignment/converted_unet_entry_effective_weights.npz"
}