{
  "status": "PASS",
  "diagnostics": {
    "output": {
      "shape_match": true,
      "shape": [
        1,
        640,
        16,
        16
      ],
      "max_abs_error": 0.00010395050048828125,
      "mean_abs_error": 1.8550267100181372e-05,
      "relative_error": 1.342829659338791e-05,
      "cosine_similarity": 0.9999999999061807,
      "tolerance": 0.002
    },
    "official_output": {
      "shape_match": true,
      "shape": [
        1,
        640,
        16,
        16
      ],
      "max_abs_error": 0.00010395050048828125,
      "mean_abs_error": 1.8550267100181372e-05,
      "relative_error": 1.342829659338791e-05,
      "cosine_similarity": 0.9999999999061807,
      "tolerance": 0.002
    }
  },
  "note": "Only up_blocks.2.attentions.2 is executed; full up_blocks.2 remains unopened."
}