{
  "status": "PASS",
  "diagnostics": {
    "output": {
      "shape_match": true,
      "shape": [
        1,
        1280,
        8,
        8
      ],
      "max_abs_error": 3.337860107421875e-05,
      "mean_abs_error": 5.639357050313265e-06,
      "relative_error": 3.4067166004347032e-06,
      "cosine_similarity": 0.9999999999940233,
      "tolerance": 0.002
    },
    "official_output": {
      "shape_match": true,
      "shape": [
        1,
        1280,
        8,
        8
      ],
      "max_abs_error": 3.337860107421875e-05,
      "mean_abs_error": 5.639357050313265e-06,
      "relative_error": 3.4067166004347032e-06,
      "cosine_similarity": 0.9999999999940233,
      "tolerance": 0.002
    }
  },
  "note": "Only down_blocks.2.attentions.1 is executed; full down_blocks.2 remains unopened."
}