{
  "status": "PASS",
  "diagnostics": {
    "conv_in": {
      "shape_match": true,
      "shape": [
        1,
        320,
        32,
        32
      ],
      "max_abs_error": 8.344650268554688e-07,
      "mean_abs_error": 1.2484131417522804e-08,
      "relative_error": 8.945803719865577e-08,
      "cosine_similarity": 0.9999999999999959,
      "tolerance": 0.0001
    },
    "time_embedding": {
      "shape_match": true,
      "shape": [
        1,
        1280
      ],
      "max_abs_error": 4.76837158203125e-07,
      "mean_abs_error": 4.2749661588459276e-09,
      "relative_error": 2.484385767769718e-07,
      "cosine_similarity": 0.9999999999999917,
      "tolerance": 0.0001
    },
    "downblock0_output": {
      "shape_match": true,
      "shape": [
        1,
        320,
        16,
        16
      ],
      "max_abs_error": 1.2159347534179688e-05,
      "mean_abs_error": 1.706075145335717e-06,
      "relative_error": 1.1445761910420367e-06,
      "cosine_similarity": 0.9999999999994224,
      "tolerance": 0.002
    },
    "downblock1_output": {
      "shape_match": true,
      "shape": [
        1,
        640,
        8,
        8
      ],
      "max_abs_error": 2.2277235984802246e-05,
      "mean_abs_error": 2.579873682861944e-06,
      "relative_error": 1.0776458816026287e-06,
      "cosine_similarity": 0.9999999999994817,
      "tolerance": 0.002
    },
    "downblock2_output": {
      "shape_match": true,
      "shape": [
        1,
        1280,
        4,
        4
      ],
      "max_abs_error": 3.0517578125e-05,
      "mean_abs_error": 3.670575767955597e-06,
      "relative_error": 1.3387986697652404e-06,
      "cosine_similarity": 0.9999999999991991,
      "tolerance": 0.002
    },
    "downblock3_output": {
      "shape_match": true,
      "shape": [
        1,
        1280,
        4,
        4
      ],
      "max_abs_error": 2.47955322265625e-05,
      "mean_abs_error": 3.7183403492235813e-06,
      "relative_error": 1.4007089970714264e-06,
      "cosine_similarity": 0.9999999999991385,
      "tolerance": 0.002
    },
    "midblock_hidden_output": {
      "shape_match": true,
      "shape": [
        1,
        1280,
        4,
        4
      ],
      "max_abs_error": 2.6702880859375e-05,
      "mean_abs_error": 3.800192098424304e-06,
      "relative_error": 1.3949179221757381e-06,
      "cosine_similarity": 0.9999999999991097,
      "tolerance": 0.002
    },
    "upblock0_output_hidden": {
      "shape_match": true,
      "shape": [
        1,
        1280,
        8,
        8
      ],
      "max_abs_error": 1.704692840576172e-05,
      "mean_abs_error": 7.323542648762782e-07,
      "relative_error": 1.2861741591879397e-06,
      "cosine_similarity": 0.999999999999486,
      "tolerance": 0.002
    },
    "upblock1_resnet0_res_hidden": {
      "shape_match": true,
      "shape": [
        1,
        1280,
        8,
        8
      ],
      "max_abs_error": 1.9311904907226562e-05,
      "mean_abs_error": 1.8407690845378965e-06,
      "relative_error": 1.477166821754872e-06,
      "cosine_similarity": 0.9999999999989674,
      "tolerance": 0.002
    },
    "upblock1_resnet0_concat_input": {
      "shape_match": true,
      "shape": [
        1,
        2560,
        8,
        8
      ],
      "max_abs_error": 1.9311904907226562e-05,
      "mean_abs_error": 1.2865616747070874e-06,
      "relative_error": 1.4172665159911536e-06,
      "cosine_similarity": 0.9999999999991449,
      "tolerance": 0.0001
    },
    "upblock1_resnet0_output": {
      "shape_match": true,
      "shape": [
        1,
        1280,
        8,
        8
      ],
      "max_abs_error": 1.52587890625e-05,
      "mean_abs_error": 2.6694605196553312e-06,
      "relative_error": 1.22416870662785e-06,
      "cosine_similarity": 0.9999999999992758,
      "tolerance": 0.002
    },
    "upblock1_attention0_output": {
      "shape_match": true,
      "shape": [
        1,
        1280,
        8,
        8
      ],
      "max_abs_error": 5.030632019042969e-05,
      "mean_abs_error": 3.544930382304301e-06,
      "relative_error": 1.8370309627265065e-06,
      "cosine_similarity": 0.9999999999982372,
      "tolerance": 0.002
    },
    "upblock1_resnet1_res_hidden": {
      "shape_match": true,
      "shape": [
        1,
        1280,
        8,
        8
      ],
      "max_abs_error": 1.52587890625e-05,
      "mean_abs_error": 1.6383908700845495e-06,
      "relative_error": 1.2131811912548495e-06,
      "cosine_similarity": 0.9999999999993181,
      "tolerance": 0.0001
    },
    "upblock1_resnet1_concat_input": {
      "shape_match": true,
      "shape": [
        1,
        2560,
        8,
        8
      ],
      "max_abs_error": 5.030632019042969e-05,
      "mean_abs_error": 2.591660626194425e-06,
      "relative_error": 1.580185541330103e-06,
      "cosine_similarity": 0.9999999999986029,
      "tolerance": 0.0001
    },
    "upblock1_resnet1_output": {
      "shape_match": true,
      "shape": [
        1,
        1280,
        8,
        8
      ],
      "max_abs_error": 5.340576171875e-05,
      "mean_abs_error": 3.964471864037477e-06,
      "relative_error": 1.5592246633409515e-06,
      "cosine_similarity": 0.999999999998695,
      "tolerance": 0.002
    },
    "upblock1_attention1_output": {
      "shape_match": true,
      "shape": [
        1,
        1280,
        8,
        8
      ],
      "max_abs_error": 7.009506225585938e-05,
      "mean_abs_error": 3.823264023594675e-06,
      "relative_error": 1.8055952342529056e-06,
      "cosine_similarity": 0.9999999999979986,
      "tolerance": 0.002
    }
  },
  "note": "Bridge validates entry -> all down_blocks -> full local mid_block -> full local up_blocks.0 -> up_blocks.1.resnets.0 -> up_blocks.1.attentions.0 -> up_blocks.1.resnets.1 -> up_blocks.1.attentions.1 only. It still does not execute up_blocks.1.resnets.2, full up_blocks.1, or full UNet."
}