{
  "status": "PASS",
  "diagnostics": {
    "concat_input": {
      "shape_match": true,
      "shape": [
        1,
        2560,
        8,
        8
      ],
      "max_abs_error": 0.0,
      "mean_abs_error": 0.0,
      "relative_error": 0.0,
      "cosine_similarity": 1.0,
      "tolerance": 1e-06
    },
    "norm1": {
      "shape_match": true,
      "shape": [
        1,
        2560,
        8,
        8
      ],
      "max_abs_error": 4.76837158203125e-07,
      "mean_abs_error": 1.7065000464111524e-08,
      "relative_error": 6.68738310545865e-08,
      "cosine_similarity": 0.9999999999999968,
      "tolerance": 0.0001
    },
    "conv1": {
      "shape_match": true,
      "shape": [
        1,
        1280,
        8,
        8
      ],
      "max_abs_error": 1.1444091796875e-05,
      "mean_abs_error": 3.582102962695899e-07,
      "relative_error": 2.6373735496572957e-07,
      "cosine_similarity": 0.999999999999959,
      "tolerance": 0.0001
    },
    "time_emb_proj": {
      "shape_match": true,
      "shape": [
        1,
        1280
      ],
      "max_abs_error": 9.5367431640625e-07,
      "mean_abs_error": 3.395653038751334e-08,
      "relative_error": 1.0828698118272836e-07,
      "cosine_similarity": 0.9999999999999902,
      "tolerance": 0.0001
    },
    "after_temb_add": {
      "shape_match": true,
      "shape": [
        1,
        1280,
        8,
        8
      ],
      "max_abs_error": 1.1444091796875e-05,
      "mean_abs_error": 3.62551543275913e-07,
      "relative_error": 2.587896557434114e-07,
      "cosine_similarity": 0.9999999999999606,
      "tolerance": 0.0001
    },
    "norm2": {
      "shape_match": true,
      "shape": [
        1,
        1280,
        8,
        8
      ],
      "max_abs_error": 6.67572021484375e-06,
      "mean_abs_error": 1.9241537778103e-07,
      "relative_error": 2.546451784248052e-07,
      "cosine_similarity": 0.9999999999999681,
      "tolerance": 0.0001
    },
    "conv2": {
      "shape_match": true,
      "shape": [
        1,
        1280,
        8,
        8
      ],
      "max_abs_error": 7.3909759521484375e-06,
      "mean_abs_error": 7.096074991608248e-07,
      "relative_error": 4.754447684896156e-07,
      "cosine_similarity": 0.999999999999887,
      "tolerance": 0.0001
    },
    "shortcut": {
      "shape_match": true,
      "shape": [
        1,
        1280,
        8,
        8
      ],
      "max_abs_error": 1.1444091796875e-05,
      "mean_abs_error": 5.119844033174559e-07,
      "relative_error": 2.5742112193009996e-07,
      "cosine_similarity": 0.9999999999999658,
      "tolerance": 0.0001
    },
    "output": {
      "shape_match": true,
      "shape": [
        1,
        1280,
        8,
        8
      ],
      "max_abs_error": 9.5367431640625e-06,
      "mean_abs_error": 8.906964922061889e-07,
      "relative_error": 3.503104539086805e-07,
      "cosine_similarity": 0.9999999999999406,
      "tolerance": 0.0001
    }
  },
  "note": "Only up_blocks.1.resnets.1 is executed after official residual concat; attention1/full upblock1/full UNet are not executed."
}