{
  "status": "PASS",
  "target": "attention0 top-level norm + proj_in + sequence reshape",
  "diagnostics": {
    "norm": {
      "shape_match": true,
      "shape": [
        1,
        320,
        32,
        32
      ],
      "max_abs_error": 4.172325134277344e-06,
      "mean_abs_error": 6.910495681551957e-07,
      "relative_error": 3.0380797629990714e-06,
      "cosine_similarity": 0.9999999999936041,
      "tolerance": 0.0001
    },
    "sequence_input": {
      "shape_match": true,
      "shape": [
        1,
        1024,
        320
      ],
      "max_abs_error": 4.172325134277344e-06,
      "mean_abs_error": 6.910495681551957e-07,
      "relative_error": 3.0380797629990714e-06,
      "cosine_similarity": 0.9999999999936035,
      "tolerance": 0.0001
    },
    "proj_in": {
      "shape_match": true,
      "shape": [
        1,
        1024,
        320
      ],
      "max_abs_error": 5.4836273193359375e-06,
      "mean_abs_error": 1.0177328739424674e-06,
      "relative_error": 4.060798152493807e-06,
      "cosine_similarity": 0.9999999999911389,
      "tolerance": 0.0001
    }
  }
}