{
  "status": "PASS",
  "diagnostics": {
    "output": {
      "shape_match": true,
      "shape": [
        1,
        1280,
        8,
        8
      ],
      "max_abs_error": 4.696846008300781e-05,
      "mean_abs_error": 9.598843371350086e-06,
      "relative_error": 4.090335159644285e-06,
      "cosine_similarity": 0.9999999999914242,
      "tolerance": 0.002
    },
    "official_output": {
      "shape_match": true,
      "shape": [
        1,
        1280,
        8,
        8
      ],
      "max_abs_error": 4.696846008300781e-05,
      "mean_abs_error": 9.598843371350086e-06,
      "relative_error": 4.090335159644285e-06,
      "cosine_similarity": 0.9999999999914242,
      "tolerance": 0.002
    }
  },
  "note": "Only up_blocks.1.attentions.0 is executed; full up_blocks.1 remains unopened."
}