{
  "status": "PASS",
  "diagnostics": {
    "norm2": {
      "shape_match": true,
      "shape": [
        1,
        256,
        640
      ],
      "max_abs_error": 2.0891427993774414e-05,
      "mean_abs_error": 2.3838146254062666e-06,
      "relative_error": 1.062785307140609e-05,
      "cosine_similarity": 0.9999999999400622,
      "tolerance": 0.0001
    },
    "attn2_q": {
      "shape_match": true,
      "shape": [
        1,
        256,
        640
      ],
      "max_abs_error": 2.8014183044433594e-05,
      "mean_abs_error": 4.8795489083985896e-06,
      "relative_error": 9.618342035846369e-06,
      "cosine_similarity": 0.9999999999603298,
      "tolerance": 0.0001
    },
    "attn2_k": {
      "shape_match": true,
      "shape": [
        1,
        77,
        640
      ],
      "max_abs_error": 2.294778823852539e-06,
      "mean_abs_error": 1.5288856033081386e-07,
      "relative_error": 5.713187799750182e-07,
      "cosine_similarity": 0.9999999999998591,
      "tolerance": 0.0001
    },
    "attn2_v": {
      "shape_match": true,
      "shape": [
        1,
        77,
        640
      ],
      "max_abs_error": 1.9073486328125e-06,
      "mean_abs_error": 7.709863687275423e-08,
      "relative_error": 3.0514284621545325e-07,
      "cosine_similarity": 0.999999999999955,
      "tolerance": 0.0001
    },
    "attn2_output": {
      "shape_match": true,
      "shape": [
        1,
        256,
        640
      ],
      "max_abs_error": 5.245208740234375e-06,
      "mean_abs_error": 6.371963721107932e-07,
      "relative_error": 2.5767656751259904e-06,
      "cosine_similarity": 0.9999999999976614,
      "tolerance": 0.001
    },
    "after_attn2": {
      "shape_match": true,
      "shape": [
        1,
        256,
        640
      ],
      "max_abs_error": 6.103515625e-05,
      "mean_abs_error": 6.405683603816215e-06,
      "relative_error": 9.985264283662387e-06,
      "cosine_similarity": 0.9999999999478114,
      "tolerance": 0.001
    }
  }
}