{
  "status": "PASS",
  "diagnostics": {
    "norm1": {
      "shape_match": true,
      "shape": [
        1,
        256,
        640
      ],
      "max_abs_error": 3.2961368560791016e-05,
      "mean_abs_error": 3.3184852254869446e-06,
      "relative_error": 9.318853557693677e-06,
      "cosine_similarity": 0.9999999999542031,
      "tolerance": 0.0001
    },
    "attn1_q": {
      "shape_match": true,
      "shape": [
        1,
        256,
        640
      ],
      "max_abs_error": 3.5762786865234375e-05,
      "mean_abs_error": 6.940637100072422e-06,
      "relative_error": 8.295885209343283e-06,
      "cosine_similarity": 0.9999999999659053,
      "tolerance": 0.0001
    },
    "attn1_k": {
      "shape_match": true,
      "shape": [
        1,
        256,
        640
      ],
      "max_abs_error": 3.343820571899414e-05,
      "mean_abs_error": 7.649278167143336e-06,
      "relative_error": 9.523421723724457e-06,
      "cosine_similarity": 0.9999999999559195,
      "tolerance": 0.0001
    },
    "attn1_v": {
      "shape_match": true,
      "shape": [
        1,
        256,
        640
      ],
      "max_abs_error": 2.4080276489257812e-05,
      "mean_abs_error": 5.605329754665434e-06,
      "relative_error": 1.0175793074660206e-05,
      "cosine_similarity": 0.9999999999478159,
      "tolerance": 0.0001
    },
    "attn1_output": {
      "shape_match": true,
      "shape": [
        1,
        256,
        640
      ],
      "max_abs_error": 7.855892181396484e-05,
      "mean_abs_error": 5.873637863373915e-06,
      "relative_error": 1.1302635809923482e-05,
      "cosine_similarity": 0.9999999999231066,
      "tolerance": 0.001
    },
    "after_attn1": {
      "shape_match": true,
      "shape": [
        1,
        256,
        640
      ],
      "max_abs_error": 4.673004150390625e-05,
      "mean_abs_error": 6.229801056178985e-06,
      "relative_error": 9.676603332643833e-06,
      "cosine_similarity": 0.9999999999503966,
      "tolerance": 0.001
    }
  }
}