{
  "status": "PASS",
  "diagnostics": {
    "output": {
      "shape_match": true,
      "shape": [
        1,
        1280,
        8,
        8
      ],
      "max_abs_error": 9.012222290039062e-05,
      "mean_abs_error": 1.2299323213937895e-05,
      "relative_error": 1.1176105360430234e-05,
      "cosine_similarity": 0.9999999999413751,
      "tolerance": 0.0002
    }
  },
  "note": "Synthetic isolated hidden_states + temb -> down_blocks.2.resnets.1 only."
}