{
  "status": "PASS",
  "diagnostics": {
    "synthetic_output": {
      "shape_match": true,
      "shape": [
        1,
        640,
        16,
        16
      ],
      "max_abs_error": 0.00011277198791503906,
      "mean_abs_error": 9.41769759705835e-06,
      "relative_error": 1.3991437328460526e-05,
      "cosine_similarity": 0.9999999999017049,
      "tolerance": 0.0002
    },
    "synthetic_shortcut": {
      "shape_match": true,
      "shape": [
        1,
        640,
        16,
        16
      ],
      "max_abs_error": 1.3560056686401367e-06,
      "mean_abs_error": 8.377605595910608e-08,
      "relative_error": 3.5560451907018035e-07,
      "cosine_similarity": 0.9999999999999156,
      "tolerance": 0.0001
    }
  },
  "note": "Synthetic isolated hidden/temb path for channel-changing down_blocks.1.resnets.0."
}