{
  "status": "PASS",
  "diagnostics": {
    "output": {
      "shape_match": true,
      "shape": [
        1,
        640,
        16,
        16
      ],
      "max_abs_error": 4.2319297790527344e-05,
      "mean_abs_error": 7.55589069854068e-06,
      "relative_error": 8.469008772348004e-06,
      "cosine_similarity": 0.9999999999645213,
      "tolerance": 0.002
    },
    "official_output": {
      "shape_match": true,
      "shape": [
        1,
        640,
        16,
        16
      ],
      "max_abs_error": 4.2319297790527344e-05,
      "mean_abs_error": 7.55589069854068e-06,
      "relative_error": 8.469008772348004e-06,
      "cosine_similarity": 0.9999999999645213,
      "tolerance": 0.002
    }
  },
  "note": "Only down_blocks.1.attentions.0 is executed; full down_blocks.1 remains unopened."
}