{
  "status": "PASS",
  "diagnostics": {
    "norm": {
      "shape_match": true,
      "shape": [
        1,
        640,
        16,
        16
      ],
      "max_abs_error": 1.4066696166992188e-05,
      "mean_abs_error": 4.990864136530937e-06,
      "relative_error": 7.789020082031903e-06,
      "cosine_similarity": 0.999999999960228,
      "tolerance": 0.0001
    },
    "sequence_input": {
      "shape_match": true,
      "shape": [
        1,
        256,
        640
      ],
      "max_abs_error": 1.4066696166992188e-05,
      "mean_abs_error": 4.990864136530937e-06,
      "relative_error": 7.789020082031903e-06,
      "cosine_similarity": 0.9999999999602277,
      "tolerance": 0.0001
    },
    "proj_in": {
      "shape_match": true,
      "shape": [
        1,
        256,
        640
      ],
      "max_abs_error": 0.00010061264038085938,
      "mean_abs_error": 1.0903601679501663e-05,
      "relative_error": 9.703925939252345e-06,
      "cosine_similarity": 0.9999999999518507,
      "tolerance": 0.0002
    }
  }
}