{
  "status": "PASS",
  "diagnostics": {
    "interpolation": {
      "shape_match": true,
      "shape": [
        1,
        1280,
        8,
        8
      ],
      "max_abs_error": 0.0,
      "mean_abs_error": 0.0,
      "relative_error": 0.0,
      "cosine_similarity": 0.9999999999999999,
      "tolerance": 0.0002
    },
    "conv": {
      "shape_match": true,
      "shape": [
        1,
        1280,
        8,
        8
      ],
      "max_abs_error": 5.7220458984375e-06,
      "mean_abs_error": 1.3908982658961123e-07,
      "relative_error": 2.4427213623957164e-07,
      "cosine_similarity": 0.9999999999999741,
      "tolerance": 0.0002
    },
    "output": {
      "shape_match": true,
      "shape": [
        1,
        1280,
        8,
        8
      ],
      "max_abs_error": 5.7220458984375e-06,
      "mean_abs_error": 1.3908982658961123e-07,
      "relative_error": 2.4427213623957164e-07,
      "cosine_similarity": 0.9999999999999741,
      "tolerance": 0.0002
    }
  },
  "note": "Only up_blocks.0.upsamplers.0 is executed: nearest-2x interpolation plus exported effective conv."
}