{
  "status": "PASS",
  "diagnostics": {
    "norm1": {
      "shape_match": true,
      "shape": [
        1,
        1280,
        4,
        4
      ],
      "max_abs_error": 4.76837158203125e-07,
      "mean_abs_error": 1.601798285122413e-08,
      "relative_error": 5.8807257695890986e-08,
      "cosine_similarity": 0.9999999999999969,
      "tolerance": 0.0001
    },
    "conv1": {
      "shape_match": true,
      "shape": [
        1,
        1280,
        4,
        4
      ],
      "max_abs_error": 2.384185791015625e-06,
      "mean_abs_error": 1.543207531540247e-07,
      "relative_error": 2.485187580774243e-07,
      "cosine_similarity": 0.9999999999999677,
      "tolerance": 0.0001
    },
    "time_emb_proj": {
      "shape_match": true,
      "shape": [
        1,
        1280
      ],
      "max_abs_error": 2.980232238769531e-07,
      "mean_abs_error": 2.039196260739118e-08,
      "relative_error": 1.1060049332510101e-07,
      "cosine_similarity": 0.9999999999999902,
      "tolerance": 0.0001
    },
    "after_temb_add": {
      "shape_match": true,
      "shape": [
        1,
        1280,
        4,
        4
      ],
      "max_abs_error": 1.9073486328125e-06,
      "mean_abs_error": 1.5761959275550909e-07,
      "relative_error": 2.3531965211491622e-07,
      "cosine_similarity": 0.9999999999999692,
      "tolerance": 0.0001
    },
    "norm2": {
      "shape_match": true,
      "shape": [
        1,
        1280,
        4,
        4
      ],
      "max_abs_error": 2.384185791015625e-06,
      "mean_abs_error": 1.7179612719075976e-07,
      "relative_error": 2.787706595617644e-07,
      "cosine_similarity": 0.9999999999999611,
      "tolerance": 0.0001
    },
    "conv2": {
      "shape_match": true,
      "shape": [
        1,
        1280,
        4,
        4
      ],
      "max_abs_error": 9.5367431640625e-06,
      "mean_abs_error": 6.143032919680991e-07,
      "relative_error": 3.5525901466463434e-07,
      "cosine_similarity": 0.9999999999999406,
      "tolerance": 0.0001
    },
    "shortcut": {
      "shape_match": true,
      "shape": [
        1,
        1280,
        4,
        4
      ],
      "max_abs_error": 0.0,
      "mean_abs_error": 0.0,
      "relative_error": 0.0,
      "cosine_similarity": 1.0,
      "tolerance": 0.0001
    },
    "output": {
      "shape_match": true,
      "shape": [
        1,
        1280,
        4,
        4
      ],
      "max_abs_error": 7.62939453125e-06,
      "mean_abs_error": 6.143059181340504e-07,
      "relative_error": 2.3127072980770804e-07,
      "cosine_similarity": 0.9999999999999732,
      "tolerance": 0.0001
    }
  },
  "note": "Only down_blocks.3.resnets.0 is executed; down_blocks.3.resnets.1/mid_block/full UNet remain unopened."
}