{
  "status": "PASS",
  "diagnostics": {
    "conv_in": {
      "shape_match": true,
      "shape": [
        1,
        320,
        32,
        32
      ],
      "max_abs_error": 8.344650268554688e-07,
      "mean_abs_error": 1.2484131417522804e-08,
      "relative_error": 8.945803719865577e-08,
      "cosine_similarity": 0.9999999999999959,
      "tolerance": 0.0001
    },
    "time_embedding": {
      "shape_match": true,
      "shape": [
        1,
        1280
      ],
      "max_abs_error": 4.76837158203125e-07,
      "mean_abs_error": 4.2749661588459276e-09,
      "relative_error": 2.484385767769718e-07,
      "cosine_similarity": 0.9999999999999917,
      "tolerance": 0.0001
    },
    "downblock0_output": {
      "shape_match": true,
      "shape": [
        1,
        320,
        16,
        16
      ],
      "max_abs_error": 1.2159347534179688e-05,
      "mean_abs_error": 1.706075145335717e-06,
      "relative_error": 1.1445761910420367e-06,
      "cosine_similarity": 0.9999999999994224,
      "tolerance": 0.002
    },
    "downblock1_resnet0_output": {
      "shape_match": true,
      "shape": [
        1,
        640,
        16,
        16
      ],
      "max_abs_error": 1.0609626770019531e-05,
      "mean_abs_error": 1.077069811117326e-06,
      "relative_error": 1.109991285338639e-06,
      "cosine_similarity": 0.9999999999994256,
      "tolerance": 0.002
    },
    "downblock1_attention0_output": {
      "shape_match": true,
      "shape": [
        1,
        640,
        16,
        16
      ],
      "max_abs_error": 1.329183578491211e-05,
      "mean_abs_error": 1.3588772276307282e-06,
      "relative_error": 1.2827697305785698e-06,
      "cosine_similarity": 0.9999999999991661,
      "tolerance": 0.002
    },
    "downblock1_resnet1_output": {
      "shape_match": true,
      "shape": [
        1,
        640,
        16,
        16
      ],
      "max_abs_error": 1.3828277587890625e-05,
      "mean_abs_error": 1.571142846046314e-06,
      "relative_error": 1.5137789527172096e-06,
      "cosine_similarity": 0.9999999999988827,
      "tolerance": 0.002
    },
    "downblock1_attention1_output": {
      "shape_match": true,
      "shape": [
        1,
        640,
        16,
        16
      ],
      "max_abs_error": 3.4332275390625e-05,
      "mean_abs_error": 1.2935612232922721e-06,
      "relative_error": 1.4181756053048228e-06,
      "cosine_similarity": 0.9999999999990887,
      "tolerance": 0.002
    },
    "downblock1_downsampler_output": {
      "shape_match": true,
      "shape": [
        1,
        640,
        8,
        8
      ],
      "max_abs_error": 2.2277235984802246e-05,
      "mean_abs_error": 2.579873682861944e-06,
      "relative_error": 1.0776458816026287e-06,
      "cosine_similarity": 0.9999999999994817,
      "tolerance": 0.002
    }
  },
  "note": "Local bridge stops after down_blocks.1.downsamplers.0. Full UNet is not executed."
}