{
  "status": "PASS",
  "diagnostics": {
    "conv_in": {
      "shape_match": true,
      "shape": [
        1,
        320,
        32,
        32
      ],
      "max_abs_error": 8.344650268554688e-07,
      "mean_abs_error": 1.2484131417522804e-08,
      "relative_error": 8.945803719865577e-08,
      "cosine_similarity": 0.9999999999999959,
      "tolerance": 0.0001
    },
    "time_embedding": {
      "shape_match": true,
      "shape": [
        1,
        1280
      ],
      "max_abs_error": 4.76837158203125e-07,
      "mean_abs_error": 4.2749661588459276e-09,
      "relative_error": 2.484385767769718e-07,
      "cosine_similarity": 0.9999999999999917,
      "tolerance": 0.0001
    },
    "downblock0_output": {
      "shape_match": true,
      "shape": [
        1,
        320,
        16,
        16
      ],
      "max_abs_error": 1.2159347534179688e-05,
      "mean_abs_error": 1.706075145335717e-06,
      "relative_error": 1.1445761910420367e-06,
      "cosine_similarity": 0.9999999999994224,
      "tolerance": 0.002
    },
    "downblock1_output": {
      "shape_match": true,
      "shape": [
        1,
        640,
        8,
        8
      ],
      "max_abs_error": 2.2277235984802246e-05,
      "mean_abs_error": 2.579873682861944e-06,
      "relative_error": 1.0776458816026287e-06,
      "cosine_similarity": 0.9999999999994817,
      "tolerance": 0.002
    },
    "downblock2_output": {
      "shape_match": true,
      "shape": [
        1,
        1280,
        4,
        4
      ],
      "max_abs_error": 3.0517578125e-05,
      "mean_abs_error": 3.670575767955597e-06,
      "relative_error": 1.3387986697652404e-06,
      "cosine_similarity": 0.9999999999991991,
      "tolerance": 0.002
    },
    "downblock3_output": {
      "shape_match": true,
      "shape": [
        1,
        1280,
        4,
        4
      ],
      "max_abs_error": 2.47955322265625e-05,
      "mean_abs_error": 3.7183403492235813e-06,
      "relative_error": 1.4007089970714264e-06,
      "cosine_similarity": 0.9999999999991385,
      "tolerance": 0.002
    },
    "midblock_hidden_output": {
      "shape_match": true,
      "shape": [
        1,
        1280,
        4,
        4
      ],
      "max_abs_error": 2.6702880859375e-05,
      "mean_abs_error": 3.800192098424304e-06,
      "relative_error": 1.3949179221757381e-06,
      "cosine_similarity": 0.9999999999991097,
      "tolerance": 0.002
    },
    "upblock0_output_hidden": {
      "shape_match": true,
      "shape": [
        1,
        1280,
        8,
        8
      ],
      "max_abs_error": 1.704692840576172e-05,
      "mean_abs_error": 7.323542648762782e-07,
      "relative_error": 1.2861741591879397e-06,
      "cosine_similarity": 0.999999999999486,
      "tolerance": 0.002
    },
    "upblock1_output_hidden": {
      "shape_match": true,
      "shape": [
        1,
        1280,
        16,
        16
      ],
      "max_abs_error": 8.705258369445801e-05,
      "mean_abs_error": 7.895466114504756e-06,
      "relative_error": 1.889558076920784e-06,
      "cosine_similarity": 0.999999999998297,
      "tolerance": 0.002
    },
    "upblock2_resnet0_output": {
      "shape_match": true,
      "shape": [
        1,
        640,
        16,
        16
      ],
      "max_abs_error": 5.8650970458984375e-05,
      "mean_abs_error": 5.473751028262086e-06,
      "relative_error": 1.7031394906329906e-06,
      "cosine_similarity": 0.999999999998551,
      "tolerance": 0.002
    },
    "upblock2_attention0_output": {
      "shape_match": true,
      "shape": [
        1,
        640,
        16,
        16
      ],
      "max_abs_error": 0.00016689300537109375,
      "mean_abs_error": 5.791685134681757e-06,
      "relative_error": 1.8198575843490394e-06,
      "cosine_similarity": 0.9999999999983219,
      "tolerance": 0.002
    },
    "upblock2_resnet1_output": {
      "shape_match": true,
      "shape": [
        1,
        640,
        16,
        16
      ],
      "max_abs_error": 4.76837158203125e-05,
      "mean_abs_error": 3.435554700104149e-06,
      "relative_error": 1.6651744839652864e-06,
      "cosine_similarity": 0.9999999999985997,
      "tolerance": 0.002
    },
    "upblock2_attention1_output": {
      "shape_match": true,
      "shape": [
        1,
        640,
        16,
        16
      ],
      "max_abs_error": 8.404254913330078e-05,
      "mean_abs_error": 4.292873563827016e-06,
      "relative_error": 1.9911742782085947e-06,
      "cosine_similarity": 0.9999999999980967,
      "tolerance": 0.002
    },
    "upblock2_resnet2_output": {
      "shape_match": true,
      "shape": [
        1,
        640,
        16,
        16
      ],
      "max_abs_error": 2.3603439331054688e-05,
      "mean_abs_error": 2.4058495540657534e-06,
      "relative_error": 1.6767977309807909e-06,
      "cosine_similarity": 0.9999999999985891,
      "tolerance": 0.002
    },
    "upblock2_attention2_output": {
      "shape_match": true,
      "shape": [
        1,
        640,
        16,
        16
      ],
      "max_abs_error": 1.6927719116210938e-05,
      "mean_abs_error": 2.202024955977322e-06,
      "relative_error": 2.0785194965873916e-06,
      "cosine_similarity": 0.9999999999979309,
      "tolerance": 0.002
    },
    "upblock2_upsampler_output": {
      "shape_match": true,
      "shape": [
        1,
        640,
        32,
        32
      ],
      "max_abs_error": 8.535385131835938e-05,
      "mean_abs_error": 5.06996946665339e-06,
      "relative_error": 2.210366932101455e-06,
      "cosine_similarity": 0.9999999999979134,
      "tolerance": 0.002
    },
    "upblock2_output_hidden": {
      "shape_match": true,
      "shape": [
        1,
        640,
        32,
        32
      ],
      "max_abs_error": 8.535385131835938e-05,
      "mean_abs_error": 5.06996946665339e-06,
      "relative_error": 2.210366932101455e-06,
      "cosine_similarity": 0.9999999999979134,
      "tolerance": 0.002
    }
  },
  "output_hidden_status": "PASS",
  "output_states_status": "NOT_APPLICABLE",
  "note": "Bridge validates entry -> all down_blocks -> full local mid_block -> full local up_blocks.0 -> full local up_blocks.1 -> full local up_blocks.2 aggregate. It deliberately stops before up_blocks.3, full UNet forward, runtime LoRA, and full TADSR inference."
}