{
  "status": "PASS",
  "diagnostics": {
    "conv_in": {
      "shape_match": true,
      "shape": [
        1,
        320,
        32,
        32
      ],
      "max_abs_error": 8.344650268554688e-07,
      "mean_abs_error": 1.2484131417522804e-08,
      "relative_error": 8.945803719865577e-08,
      "cosine_similarity": 0.9999999999999959,
      "tolerance": 0.0001
    },
    "time_embedding": {
      "shape_match": true,
      "shape": [
        1,
        1280
      ],
      "max_abs_error": 4.76837158203125e-07,
      "mean_abs_error": 4.2749661588459276e-09,
      "relative_error": 2.484385767769718e-07,
      "cosine_similarity": 0.9999999999999917,
      "tolerance": 0.0001
    },
    "downblock0_output": {
      "shape_match": true,
      "shape": [
        1,
        320,
        16,
        16
      ],
      "max_abs_error": 1.2159347534179688e-05,
      "mean_abs_error": 1.706075145335717e-06,
      "relative_error": 1.1445761910420367e-06,
      "cosine_similarity": 0.9999999999994224,
      "tolerance": 0.002
    },
    "downblock1_output": {
      "shape_match": true,
      "shape": [
        1,
        640,
        8,
        8
      ],
      "max_abs_error": 2.2277235984802246e-05,
      "mean_abs_error": 2.579873682861944e-06,
      "relative_error": 1.0776458816026287e-06,
      "cosine_similarity": 0.9999999999994817,
      "tolerance": 0.002
    },
    "downblock2_output": {
      "shape_match": true,
      "shape": [
        1,
        1280,
        4,
        4
      ],
      "max_abs_error": 3.0517578125e-05,
      "mean_abs_error": 3.670575767955597e-06,
      "relative_error": 1.3387986697652404e-06,
      "cosine_similarity": 0.9999999999991991,
      "tolerance": 0.002
    },
    "downblock3_output": {
      "shape_match": true,
      "shape": [
        1,
        1280,
        4,
        4
      ],
      "max_abs_error": 2.47955322265625e-05,
      "mean_abs_error": 3.7183403492235813e-06,
      "relative_error": 1.4007089970714264e-06,
      "cosine_similarity": 0.9999999999991385,
      "tolerance": 0.002
    },
    "midblock_hidden_output": {
      "shape_match": true,
      "shape": [
        1,
        1280,
        4,
        4
      ],
      "max_abs_error": 2.6702880859375e-05,
      "mean_abs_error": 3.800192098424304e-06,
      "relative_error": 1.3949179221757381e-06,
      "cosine_similarity": 0.9999999999991097,
      "tolerance": 0.002
    },
    "upblock0_resnet0_output": {
      "shape_match": true,
      "shape": [
        1,
        1280,
        4,
        4
      ],
      "max_abs_error": 1.9073486328125e-05,
      "mean_abs_error": 1.8840433540390222e-06,
      "relative_error": 1.1846797318030327e-06,
      "cosine_similarity": 0.9999999999994632,
      "tolerance": 0.002
    },
    "upblock0_resnet1_output": {
      "shape_match": true,
      "shape": [
        1,
        1280,
        4,
        4
      ],
      "max_abs_error": 1.7642974853515625e-05,
      "mean_abs_error": 1.4457379279519956e-06,
      "relative_error": 1.1873439544292683e-06,
      "cosine_similarity": 0.9999999999993816,
      "tolerance": 0.002
    },
    "upblock0_resnet2_res_hidden": {
      "shape_match": true,
      "shape": [
        1,
        1280,
        4,
        4
      ],
      "max_abs_error": 3.0517578125e-05,
      "mean_abs_error": 3.670575767955597e-06,
      "relative_error": 1.3387986697652404e-06,
      "cosine_similarity": 0.9999999999991991,
      "tolerance": 0.002
    },
    "upblock0_resnet2_concat_input": {
      "shape_match": true,
      "shape": [
        1,
        2560,
        4,
        4
      ],
      "max_abs_error": 3.0517578125e-05,
      "mean_abs_error": 2.5581568479537966e-06,
      "relative_error": 1.292221237989792e-06,
      "cosine_similarity": 0.9999999999992352,
      "tolerance": 0.002
    },
    "upblock0_resnet2_output": {
      "shape_match": true,
      "shape": [
        1,
        1280,
        4,
        4
      ],
      "max_abs_error": 7.62939453125e-06,
      "mean_abs_error": 7.90000240158406e-07,
      "relative_error": 1.3618544663611344e-06,
      "cosine_similarity": 0.9999999999992338,
      "tolerance": 0.002
    }
  },
  "note": "Bridge stops exactly after up_blocks.0.resnets.2. Full up_blocks.0/up_blocks.0.upsampler/full UNet are not executed."
}