{
  "status": "PASS",
  "diagnostics": {
    "concat_input": {
      "shape_match": true,
      "shape": [
        1,
        640,
        32,
        32
      ],
      "max_abs_error": 0.0,
      "mean_abs_error": 0.0,
      "relative_error": 0.0,
      "cosine_similarity": 0.9999999999999998,
      "tolerance": 1e-06
    },
    "norm1": {
      "shape_match": true,
      "shape": [
        1,
        640,
        32,
        32
      ],
      "max_abs_error": 2.384185791015625e-07,
      "mean_abs_error": 7.3338969644261746e-09,
      "relative_error": 6.806425329035773e-08,
      "cosine_similarity": 0.9999999999999974,
      "tolerance": 0.0001
    },
    "conv1": {
      "shape_match": true,
      "shape": [
        1,
        320,
        32,
        32
      ],
      "max_abs_error": 1.1920928955078125e-06,
      "mean_abs_error": 8.490121166104813e-08,
      "relative_error": 2.0649189782193398e-07,
      "cosine_similarity": 0.9999999999999791,
      "tolerance": 0.0002
    },
    "time_emb_proj": {
      "shape_match": true,
      "shape": [
        1,
        320
      ],
      "max_abs_error": 1.1920928955078125e-07,
      "mean_abs_error": 1.856533344835043e-08,
      "relative_error": 1.121344098188147e-07,
      "cosine_similarity": 0.9999999999999918,
      "tolerance": 0.0001
    },
    "after_temb_add": {
      "shape_match": true,
      "shape": [
        1,
        320,
        32,
        32
      ],
      "max_abs_error": 1.1920928955078125e-06,
      "mean_abs_error": 8.881822992634625e-08,
      "relative_error": 2.0655543843260454e-07,
      "cosine_similarity": 0.9999999999999792,
      "tolerance": 0.0002
    },
    "norm2": {
      "shape_match": true,
      "shape": [
        1,
        320,
        32,
        32
      ],
      "max_abs_error": 1.5497207641601562e-06,
      "mean_abs_error": 1.1508425051855175e-07,
      "relative_error": 2.4543879758838004e-07,
      "cosine_similarity": 0.9999999999999684,
      "tolerance": 0.0001
    },
    "conv2": {
      "shape_match": true,
      "shape": [
        1,
        320,
        32,
        32
      ],
      "max_abs_error": 1.9073486328125e-06,
      "mean_abs_error": 2.522557080553156e-07,
      "relative_error": 2.658023298816416e-07,
      "cosine_similarity": 0.999999999999964,
      "tolerance": 0.0001
    },
    "shortcut": {
      "shape_match": true,
      "shape": [
        1,
        320,
        32,
        32
      ],
      "max_abs_error": 1.3113021850585938e-06,
      "mean_abs_error": 1.0698144490284278e-07,
      "relative_error": 1.4553164590081098e-07,
      "cosine_similarity": 0.9999999999999886,
      "tolerance": 0.0001
    },
    "output": {
      "shape_match": true,
      "shape": [
        1,
        320,
        32,
        32
      ],
      "max_abs_error": 2.1457672119140625e-06,
      "mean_abs_error": 2.783274709372563e-07,
      "relative_error": 3.146907552133618e-07,
      "cosine_similarity": 0.9999999999999523,
      "tolerance": 0.0001
    }
  },
  "note": "Only up_blocks.3.resnets.2 is executed after official residual concat. It stops before up_blocks.3.attentions.2, full up_blocks.3, full UNet forward, runtime LoRA, and full TADSR inference."
}