{
  "status": "PASS",
  "diagnostics": {
    "output": {
      "shape_match": true,
      "shape": [
        1,
        320,
        32,
        32
      ],
      "max_abs_error": 2.288818359375e-05,
      "mean_abs_error": 4.5468755160982255e-06,
      "relative_error": 3.5144996118733087e-06,
      "cosine_similarity": 0.9999999999943571,
      "tolerance": 0.002
    },
    "official_output": {
      "shape_match": true,
      "shape": [
        1,
        320,
        32,
        32
      ],
      "max_abs_error": 2.288818359375e-05,
      "mean_abs_error": 4.5468755160982255e-06,
      "relative_error": 3.5144996118733087e-06,
      "cosine_similarity": 0.9999999999943571,
      "tolerance": 0.002
    }
  },
  "note": "Only up_blocks.3.attentions.0 is executed; full up_blocks.3 remains unopened."
}