{
  "status": "PASS",
  "target": "attention1 transformer0 cross-attention only",
  "note": "Stops before FF.",
  "diagnostics": {
    "norm2": {
      "shape_match": true,
      "shape": [
        1,
        1024,
        320
      ],
      "max_abs_error": 4.0531158447265625e-06,
      "mean_abs_error": 5.85793409803683e-07,
      "relative_error": 3.296797296874064e-06,
      "cosine_similarity": 0.9999999999946088,
      "tolerance": 0.0001
    },
    "attn2_q": {
      "shape_match": true,
      "shape": [
        1,
        1024,
        320
      ],
      "max_abs_error": 3.7103891372680664e-06,
      "mean_abs_error": 6.312946706360512e-07,
      "relative_error": 2.6755308733148846e-06,
      "cosine_similarity": 0.9999999999965192,
      "tolerance": 0.0001
    },
    "attn2_k": {
      "shape_match": true,
      "shape": [
        1,
        77,
        320
      ],
      "max_abs_error": 2.205371856689453e-06,
      "mean_abs_error": 1.5171334412824964e-07,
      "relative_error": 3.403141796317101e-07,
      "cosine_similarity": 0.9999999999999375,
      "tolerance": 0.0001
    },
    "attn2_v": {
      "shape_match": true,
      "shape": [
        1,
        77,
        320
      ],
      "max_abs_error": 2.6226043701171875e-06,
      "mean_abs_error": 4.814015489040236e-08,
      "relative_error": 2.534219399274621e-07,
      "cosine_similarity": 0.9999999999999725,
      "tolerance": 0.0001
    },
    "attn2_output": {
      "shape_match": true,
      "shape": [
        1,
        1024,
        320
      ],
      "max_abs_error": 3.635883331298828e-06,
      "mean_abs_error": 1.288964128320913e-07,
      "relative_error": 1.2816935219046266e-06,
      "cosine_similarity": 0.999999999999038,
      "tolerance": 0.001
    },
    "after_attn2": {
      "shape_match": true,
      "shape": [
        1,
        1024,
        320
      ],
      "max_abs_error": 8.851289749145508e-06,
      "mean_abs_error": 1.2057566081580262e-06,
      "relative_error": 3.291430001486557e-06,
      "cosine_similarity": 0.999999999994612,
      "tolerance": 0.001
    }
  }
}