{
  "status": "PASS",
  "diagnostics": {
    "norm": {
      "shape_match": true,
      "shape": [
        1,
        1280,
        8,
        8
      ],
      "max_abs_error": 2.771615982055664e-06,
      "mean_abs_error": 9.10386511687733e-07,
      "relative_error": 3.0798435260964515e-06,
      "cosine_similarity": 0.9999999999942443,
      "tolerance": 0.0001
    },
    "sequence_input": {
      "shape_match": true,
      "shape": [
        1,
        64,
        1280
      ],
      "max_abs_error": 2.771615982055664e-06,
      "mean_abs_error": 9.10386511687733e-07,
      "relative_error": 3.0798435260964515e-06,
      "cosine_similarity": 0.9999999999942445,
      "tolerance": 0.0001
    },
    "proj_in": {
      "shape_match": true,
      "shape": [
        1,
        64,
        1280
      ],
      "max_abs_error": 4.392862319946289e-05,
      "mean_abs_error": 2.575694082906921e-06,
      "relative_error": 4.1338249116552685e-06,
      "cosine_similarity": 0.9999999999908946,
      "tolerance": 0.0001
    }
  }
}