{
  "status": "PASS",
  "diagnostics": {
    "output": {
      "shape_match": true,
      "shape": [
        1,
        320,
        32,
        32
      ],
      "max_abs_error": 2.3365020751953125e-05,
      "mean_abs_error": 3.287391518824734e-06,
      "relative_error": 2.955912667128153e-06,
      "cosine_similarity": 0.9999999999956215,
      "tolerance": 0.002
    },
    "official_output": {
      "shape_match": true,
      "shape": [
        1,
        320,
        32,
        32
      ],
      "max_abs_error": 2.3365020751953125e-05,
      "mean_abs_error": 3.287391518824734e-06,
      "relative_error": 2.955912667128153e-06,
      "cosine_similarity": 0.9999999999956215,
      "tolerance": 0.002
    }
  },
  "note": "Only up_blocks.3.attentions.2 is executed; output tail/full up_blocks.3 remains unopened."
}