{
  "status": "PASS",
  "diagnostics": {
    "interpolation": {
      "shape_match": true,
      "shape": [
        1,
        1280,
        16,
        16
      ],
      "max_abs_error": 0.0,
      "mean_abs_error": 0.0,
      "relative_error": 0.0,
      "cosine_similarity": 1.0000000000000002,
      "tolerance": 1e-06
    },
    "conv": {
      "shape_match": true,
      "shape": [
        1,
        1280,
        16,
        16
      ],
      "max_abs_error": 3.337860107421875e-06,
      "mean_abs_error": 3.307456019285837e-07,
      "relative_error": 2.9198087843159887e-07,
      "cosine_similarity": 0.9999999999999574,
      "tolerance": 0.0002
    },
    "output": {
      "shape_match": true,
      "shape": [
        1,
        1280,
        16,
        16
      ],
      "max_abs_error": 3.337860107421875e-06,
      "mean_abs_error": 3.307456019285837e-07,
      "relative_error": 2.9198087843159887e-07,
      "cosine_similarity": 0.9999999999999574,
      "tolerance": 0.0002
    }
  },
  "note": "Synthetic isolated up_blocks.1.upsamplers.0 check; no up_blocks.2 or full UNet forward is executed."
}