{
  "status": "PASS",
  "diagnostics": {
    "output": {
      "shape_match": true,
      "shape": [
        1,
        640,
        16,
        16
      ],
      "max_abs_error": 4.0531158447265625e-05,
      "mean_abs_error": 9.551017609510381e-06,
      "relative_error": 8.43920282738296e-06,
      "cosine_similarity": 0.9999999999639703,
      "tolerance": 0.002
    },
    "official_output": {
      "shape_match": true,
      "shape": [
        1,
        640,
        16,
        16
      ],
      "max_abs_error": 4.0531158447265625e-05,
      "mean_abs_error": 9.551017609510381e-06,
      "relative_error": 8.43920282738296e-06,
      "cosine_similarity": 0.9999999999639703,
      "tolerance": 0.002
    }
  },
  "note": "Only down_blocks.1.attentions.1 is executed; full down_blocks.1 remains unopened."
}