{
  "status": "PASS",
  "diagnostics": {
    "interpolation": {
      "shape_match": true,
      "shape": [
        1,
        1280,
        16,
        16
      ],
      "max_abs_error": 0.0,
      "mean_abs_error": 0.0,
      "relative_error": 0.0,
      "cosine_similarity": 1.0,
      "tolerance": 1e-06
    },
    "conv": {
      "shape_match": true,
      "shape": [
        1,
        1280,
        16,
        16
      ],
      "max_abs_error": 1.71661376953125e-05,
      "mean_abs_error": 1.1045599434211796e-06,
      "relative_error": 2.643454018123627e-07,
      "cosine_similarity": 0.9999999999999649,
      "tolerance": 0.0002
    },
    "output": {
      "shape_match": true,
      "shape": [
        1,
        1280,
        16,
        16
      ],
      "max_abs_error": 1.71661376953125e-05,
      "mean_abs_error": 1.1045599434211796e-06,
      "relative_error": 2.643454018123627e-07,
      "cosine_similarity": 0.9999999999999649,
      "tolerance": 0.0002
    }
  },
  "note": "Only up_blocks.1.upsamplers.0 is executed after exported attention2 output; up_blocks.2/full UNet are not executed."
}