{
  "status": "PASS",
  "diagnostics": {
    "norm1": {
      "shape_match": true,
      "shape": [
        1,
        64,
        1280
      ],
      "max_abs_error": 3.956258296966553e-06,
      "mean_abs_error": 8.050958611505177e-07,
      "relative_error": 3.4079711587713866e-06,
      "cosine_similarity": 0.9999999999941506,
      "tolerance": 0.0001
    },
    "attn1_q": {
      "shape_match": true,
      "shape": [
        1,
        64,
        1280
      ],
      "max_abs_error": 1.0527670383453369e-05,
      "mean_abs_error": 2.409545449211237e-06,
      "relative_error": 3.7595949458085156e-06,
      "cosine_similarity": 0.9999999999928944,
      "tolerance": 0.0001
    },
    "attn1_k": {
      "shape_match": true,
      "shape": [
        1,
        64,
        1280
      ],
      "max_abs_error": 1.2263655662536621e-05,
      "mean_abs_error": 2.490441009683764e-06,
      "relative_error": 4.267228419570958e-06,
      "cosine_similarity": 0.9999999999909425,
      "tolerance": 0.0001
    },
    "attn1_v": {
      "shape_match": true,
      "shape": [
        1,
        64,
        1280
      ],
      "max_abs_error": 1.189112663269043e-05,
      "mean_abs_error": 2.2834679846539528e-06,
      "relative_error": 3.93819321666709e-06,
      "cosine_similarity": 0.9999999999922986,
      "tolerance": 0.0001
    },
    "attn1_output": {
      "shape_match": true,
      "shape": [
        1,
        64,
        1280
      ],
      "max_abs_error": 0.000118255615234375,
      "mean_abs_error": 4.030251051290179e-06,
      "relative_error": 4.355139712602462e-06,
      "cosine_similarity": 0.9999999999905915,
      "tolerance": 0.001
    },
    "after_attn1": {
      "shape_match": true,
      "shape": [
        1,
        64,
        1280
      ],
      "max_abs_error": 9.5367431640625e-05,
      "mean_abs_error": 3.7418503779917955e-06,
      "relative_error": 3.427062728608119e-06,
      "cosine_similarity": 0.9999999999951098,
      "tolerance": 0.001
    }
  }
}