{
  "status": "PASS",
  "diagnostics": {
    "conv_in": {
      "shape_match": true,
      "shape": [
        1,
        320,
        32,
        32
      ],
      "max_abs_error": 8.344650268554688e-07,
      "mean_abs_error": 1.2484131417522804e-08,
      "relative_error": 8.945803719865577e-08,
      "cosine_similarity": 0.9999999999999959,
      "tolerance": 0.0001
    },
    "time_embedding": {
      "shape_match": true,
      "shape": [
        1,
        1280
      ],
      "max_abs_error": 4.76837158203125e-07,
      "mean_abs_error": 4.2749661588459276e-09,
      "relative_error": 2.484385767769718e-07,
      "cosine_similarity": 0.9999999999999917,
      "tolerance": 0.0001
    },
    "downblock0_output": {
      "shape_match": true,
      "shape": [
        1,
        320,
        16,
        16
      ],
      "max_abs_error": 1.2159347534179688e-05,
      "mean_abs_error": 1.706075145335717e-06,
      "relative_error": 1.1445761910420367e-06,
      "cosine_similarity": 0.9999999999994224,
      "tolerance": 0.002
    },
    "downblock1_output": {
      "shape_match": true,
      "shape": [
        1,
        640,
        8,
        8
      ],
      "max_abs_error": 2.2277235984802246e-05,
      "mean_abs_error": 2.579873682861944e-06,
      "relative_error": 1.0776458816026287e-06,
      "cosine_similarity": 0.9999999999994817,
      "tolerance": 0.002
    },
    "downblock2_output": {
      "shape_match": true,
      "shape": [
        1,
        1280,
        4,
        4
      ],
      "max_abs_error": 3.0517578125e-05,
      "mean_abs_error": 3.670575767955597e-06,
      "relative_error": 1.3387986697652404e-06,
      "cosine_similarity": 0.9999999999991991,
      "tolerance": 0.002
    },
    "downblock3_output": {
      "shape_match": true,
      "shape": [
        1,
        1280,
        4,
        4
      ],
      "max_abs_error": 2.47955322265625e-05,
      "mean_abs_error": 3.7183403492235813e-06,
      "relative_error": 1.4007089970714264e-06,
      "cosine_similarity": 0.9999999999991385,
      "tolerance": 0.002
    },
    "midblock_hidden_output": {
      "shape_match": true,
      "shape": [
        1,
        1280,
        4,
        4
      ],
      "max_abs_error": 2.6702880859375e-05,
      "mean_abs_error": 3.800192098424304e-06,
      "relative_error": 1.3949179221757381e-06,
      "cosine_similarity": 0.9999999999991097,
      "tolerance": 0.002
    },
    "upblock0_output_hidden": {
      "shape_match": true,
      "shape": [
        1,
        1280,
        8,
        8
      ],
      "max_abs_error": 1.704692840576172e-05,
      "mean_abs_error": 7.323542648762782e-07,
      "relative_error": 1.2861741591879397e-06,
      "cosine_similarity": 0.999999999999486,
      "tolerance": 0.002
    },
    "upblock1_output_hidden": {
      "shape_match": true,
      "shape": [
        1,
        1280,
        16,
        16
      ],
      "max_abs_error": 8.705258369445801e-05,
      "mean_abs_error": 7.895466114504756e-06,
      "relative_error": 1.889558076920784e-06,
      "cosine_similarity": 0.999999999998297,
      "tolerance": 0.002
    },
    "upblock2_output_hidden": {
      "shape_match": true,
      "shape": [
        1,
        640,
        32,
        32
      ],
      "max_abs_error": 8.535385131835938e-05,
      "mean_abs_error": 5.06996946665339e-06,
      "relative_error": 2.210366932101455e-06,
      "cosine_similarity": 0.9999999999979134,
      "tolerance": 0.002
    },
    "upblock3_resnet0_output": {
      "shape_match": true,
      "shape": [
        1,
        320,
        32,
        32
      ],
      "max_abs_error": 1.6927719116210938e-05,
      "mean_abs_error": 2.550648282806378e-06,
      "relative_error": 2.1855898085866294e-06,
      "cosine_similarity": 0.9999999999975839,
      "tolerance": 0.002
    },
    "upblock3_attention0_output": {
      "shape_match": true,
      "shape": [
        1,
        320,
        32,
        32
      ],
      "max_abs_error": 2.2172927856445312e-05,
      "mean_abs_error": 3.021396412350441e-06,
      "relative_error": 2.1506846311867753e-06,
      "cosine_similarity": 0.9999999999977839,
      "tolerance": 0.002
    },
    "upblock3_resnet1_res_hidden": {
      "shape_match": true,
      "shape": [
        1,
        320,
        32,
        32
      ],
      "max_abs_error": 3.2186508178710938e-06,
      "mean_abs_error": 4.2014392249711817e-07,
      "relative_error": 8.921249154252471e-07,
      "cosine_similarity": 0.9999999999996211,
      "tolerance": 0.002
    },
    "upblock3_resnet1_concat_input": {
      "shape_match": true,
      "shape": [
        1,
        640,
        32,
        32
      ],
      "max_abs_error": 2.2172927856445312e-05,
      "mean_abs_error": 1.7207701674237797e-06,
      "relative_error": 1.8347046669429526e-06,
      "cosine_similarity": 0.9999999999979728,
      "tolerance": 0.002
    },
    "upblock3_resnet1_output": {
      "shape_match": true,
      "shape": [
        1,
        320,
        32,
        32
      ],
      "max_abs_error": 1.0848045349121094e-05,
      "mean_abs_error": 1.3504997063762402e-06,
      "relative_error": 1.6927380818337679e-06,
      "cosine_similarity": 0.9999999999985686,
      "tolerance": 0.002
    }
  },
  "note": "Bridge validates entry -> all down_blocks -> full local mid_block -> full local up_blocks.0 -> full local up_blocks.1 -> full local up_blocks.2 -> up_blocks.3.resnets.0 -> up_blocks.3.attentions.0 -> up_blocks.3.resnets.1. It deliberately stops before up_blocks.3.attentions.1 and does not mark full up_blocks.3 complete."
}